,Dividend Yield,Mkt Cap (Rs. Cr.),TTM EPS See historical trend,Open,Stock,Year,Total Assets,Minority Interest,Net CashFlow From Operating Activities,Total Shareholders Funds,Total Current Assets,Cash And Cash Equivalents,Current Investments,Total Current Liabilities,Long Term Borrowings,Short Term Borrowings,"Profit/Loss Before Exceptional, ExtraOrdinary Items And Tax",Finance Costs,Other Income,Net Cash Used In Investing Activities,Inventories,Current Assets,Current Liabilities,Working Capital,Minority Interest Balance Sheet,Other Income PnL,EBIT,ROC,Current_Ratio,Quick_Ratio,BookToMkt,Net Debt,TEV,EarningYield
0,0.45,38284,38.74  (-46.24% YoY),1998.0,acc,23,20543.77,"Attribute
Minority Interest     3.48
Minority Interest    -0.14
Minority Interest    -0.11
Name: First Date, dtype: object",-1235.08,14138.47,8255.15,414.71,0.0,5641.01,0.0,0.0,1348.22,77.28,"Attribute
Other Income    341.89
Other Income    222.74
Name: First Date, dtype: object",-4637.30,1624.2,7840.44,5641.01,2199.4299999999994,-1,-1,1426.5,0.10394381714632142,1.3899000356319169,1.1019728736520586,0.3693049315640999,-414.71,37868.29,0.037670040025572844
1,0.14,47828,0.00  (+22.14% YoY),718.9,ausmallfinancebank,23,90216.12,,5493.64,,,,,,,,,,"Attribute
Other Income    1034.46
Other Income    1034.46
Name: First Date, dtype: object",-4319.50,,,,,-1,-1,,,,,,,,
2,0.52,17545,13.24  (-63.95% YoY),479.35,aartiindustries,23,8580.90,"Attribute
Minority Interest    0.72
Minority Interest    0.00
Minority Interest      --
Name: First Date, dtype: object",1309.80,4920.06,2459.28,200.73,0.0,2783.34,634.71,2239.32,611.1,168.28,"Attribute
Other Income    0.86
Other Income    1.00
Name: First Date, dtype: object",-1329.78,1031.05,2258.55,544.02,1714.5300000000002,-1,-1,780.38,0.1027713686694691,4.151593691408404,2.2563508694533296,0.28042519236249647,433.98,17977.98,0.04340754634280381
3,1.45,47663,0.00  (+27.88% YoY),22800.0,abbottindia,23,4555.51,,893.39,3188.54,3025.11,1937.06,0.0,1206.02,0.0,0.0,1273.82,15.99,154.15,-147.71,648.85,1088.0500000000002,1206.02,-117.9699999999998,-1,-1,1290.81,1.0314267906798351,0.9021823850350742,0.3641730651232983,0.06689759352117995,-1937.06,45724.94,0.028229889421396724
4,0.05,283701,23.49  (+174.78% YoY),2533.9,adanienterprises,23,141487.82,"Attribute
Minority Interest    4839.04
Minority Interest      51.34
Minority Interest      51.34
Name: First Date, dtype: object",17626.46,31873.89,37121.73,5373.69,165.0,44803.05,32590.03,5729.59,3619.22,3969.98,1197.36,-16860.09,6918.05,31583.040000000005,39073.46000000001,-7490.420000000002,-1,-1,7590.2,0.11709690029993913,0.8082990346900428,0.6312466313451637,0.11235029132784163,27216.34,310916.34,0.0244123547832835
5,0.61,176019,29.01  (+35.56% YoY),827.4,adaniportsspecialeconomiczone,23,114905.13,"Attribute
Minority Interest    1338.51
Minority Interest     -82.57
Name: First Date, dtype: object",11933.25,45542.78,17447.52,4248.78,4028.69,12924.56,46391.21,3302.37,6714.73,2362.64,1553.48,-19603.60,451.97,9170.050000000001,9622.189999999999,-452.1399999999976,-1,-1,9078.369999999999,0.09977592546147505,0.9530106971489861,0.9060390617936253,0.2587378635260966,42142.43,218160.43,0.04161327514801836
6,0.00,46454,19.30  (+154.42% YoY),178.55,adityabirlacapital,23,180754.05,"Attribute
Minority Interest    1509.32
Minority Interest     -28.30
Name: First Date, dtype: object",-24028.59,20309.57,174024.63,2315.86,45573.25,58215.2,30505.3,53815.47,5362.66,4722.0,2785.68,-2649.87,0.0,126135.52000000002,4399.729999999996,121735.79000000002,-1,-1,10085.66,0.09857509904756392,28.668922865721335,28.668922865721335,0.4371974426314203,28189.44,74642.44,0.13511964507055235
7,0.00,21081,-2.90,219.25,adityabirlafashionretail,23,17041.28,"Attribute
Minority Interest     2.71
Minority Interest    23.47
Minority Interest    23.47
Name: First Date, dtype: object",636.20,3343.29,7170.05,701.06,182.43,7087.51,1507.62,797.9,-89.28,472.36,116.46,-387.23,4214.38,6286.5599999999995,6289.610000000001,-3.0500000000010914,-1,-1,384.08000000000004,0.07762720428477592,0.9995150732716335,0.32946080917576753,0.15859257150989042,806.56,21886.56,0.017548669137589464
8,1.41,42323,95.62  (-12.41% YoY),3585.75,alkemlaboratories,23,13756.65,"Attribute
Minority Interest    389.71
Minority Interest    -22.64
Name: First Date, dtype: object",1682.50,9045.29,8729.68,2616.89,317.21,3707.15,70.33,1326.35,1407.75,107.36,216.08,112.84,2607.53,5795.580000000001,2380.8,3414.7800000000007,-1,-1,1516.11,0.1937500958456654,2.4342993951612906,1.3390667002688175,0.2137204356969024,-2546.56,39775.44,0.038116737363559014
9,0.56,88381,10.47  (-12.18% YoY),438.9,ambujacements,23,51721.46,"Attribute
Minority Interest    7058.35
Minority Interest    -440.98
Minority Interest    -322.62
Name: First Date, dtype: object",734.92,31698.2,19249.37,2961.04,0.0,11513.67,34.22,13.49,4020.51,194.9,"Attribute
Other Income    737.71
Other Income    456.74
Name: First Date, dtype: object",-14480.75,3272.79,16288.329999999998,11500.18,4788.149999999998,-1,-1,4216.41,0.1464800779020367,1.416354352714479,1.1317683723211287,0.35865400934590014,-2926.82,85453.18,0.049341756503385834
10,0.29,73227,46.50  (-24.32% YoY),5072.95,apollohospitalsenterprises,23,14427.80,"Attribute
Minority Interest    333.90
Minority Interest    -25.20
Minority Interest    -25.50
Name: First Date, dtype: object",1376.70,6197.4,4337.0,775.8,292.2,3324.9,1937.6,772.7,1143.7,380.8,"Attribute
Other Income    90.30
Other Income    90.34
Name: First Date, dtype: object",-870.60,390.1,3269.0,2552.2,716.8000000000002,-1,-1,1525.5,0.1875945351024976,1.2808557323093803,1.128007209466343,0.08463271744028841,1161.8,74387.8,0.02050739502983016
11,1.19,24010,20.64  (+86.87% YoY),378.0,apollotyres,23,27359.21,"Attribute
Minority Interest    0.00
Minority Interest      --
Name: First Date, dtype: object",2134.39,12877.78,8858.71,846.23,401.69,8010.39,3789.84,1797.81,1404.37,531.24,41.09,-476.14,4428.46,7610.79,6212.58,1398.21,-1,-1,1936.61,0.10991475208863058,1.2250610857324977,0.5122396814206014,0.536350687213661,2943.61,26952.61,0.07185241058287119
12,1.47,51779,"6.06  (+10,769.01% YoY)",174.9,ashokleyland,23,54728.53,"Attribute
Minority Interest    2244.81
Minority Interest    -120.85
Name: First Date, dtype: object",-4499.26,8553.93,24243.44,2186.72,3511.34,22454.95,19502.86,11417.58,2209.95,2093.5,110.77,-2934.96,3440.43,18545.379999999997,11037.37,7508.009999999997,-1,-1,4304.45,0.1154390260582257,1.6802354184013035,1.3685280098429242,0.16520075706367446,17316.14,69094.14,0.06229833673304277
13,0.81,303481,48.37  (+33.36% YoY),3169.0,asianpaints,23,25798.00,"Attribute
Minority Interest    453.66
Minority Interest    -88.88
Minority Interest    -88.88
Name: First Date, dtype: object",4193.43,15992.23,16535.16,843.82,2697.0,7895.93,76.15,896.06,5643.85,144.45,"Attribute
Other Income    386.48
Other Income    386.48
Name: First Date, dtype: object",-1274.64,6210.64,12994.34,6999.870000000001,5994.469999999999,-1,-1,5789.3,0.35912390466371635,1.856368761134135,0.9691179979056752,0.05269598426260622,-767.6700000000001,302712.33,0.019124757818751552
14,0.18,51970,18.20  (-26.66% YoY),1919.95,astrallimited,23,4373.10,"Attribute
Minority Interest    247.70
Minority Interest    -15.90
Name: First Date, dtype: object",556.90,2711.2,2249.2,682.1,0.0,1333.7,31.6,45.7,618.5,40.0,26.70,-479.70,874.6,1567.1,1288.0,279.0999999999999,-1,-1,659.5,0.3130934295480441,1.216692546583851,0.5376552795031055,0.05216855878391379,-650.5,51318.5,0.012851116069253777
15,0.47,20361,153.46  (-24.88% YoY),6917.4,atul,23,5767.98,"Attribute
Minority Interest    48.04
Minority Interest     7.46
Minority Interest     7.46
Name: First Date, dtype: object",706.69,4671.38,2090.97,52.03,189.57,840.23,28.71,18.27,684.01,7.9,114.87,-469.36,820.72,1849.37,821.96,1027.4099999999999,-1,-1,692.91,0.1484914268815107,2.249951335831427,1.25145992505718,0.22942782770983744,-23.32,20336.68,0.03407193307855559
16,0.33,52729,33.75  (-17.56% YoY),903.75,aurobindopharma,23,39889.99,"Attribute
Minority Interest    12.00
Minority Interest    -0.15
Minority Interest    -0.15
Name: First Date, dtype: object",2386.75,26839.85,21545.67,6084.2,151.0,11493.78,618.96,4242.56,2624.17,140.48,"Attribute
Other Income    290.59
Other Income    290.59
Name: First Date, dtype: object",-3977.75,8511.23,15310.469999999998,7251.22,8059.249999999997,-1,-1,2765.65,0.1079607934834332,2.111433662197533,0.9376684199348521,0.5090149633029263,-5465.24,47262.76,0.05851647258856656
17,0.10,314084,40.65  (-22.66% YoY),1019.0,axisbank,23,1344417.96,"Attribute
Minority Interest     393.39
Minority Interest    -100.06
Minority Interest    -100.06
Name: First Date, dtype: object",22074.78,,,,,,,,,,18706.38,-32694.38,,,,,-1,-1,,,,,,,,
18,2.76,143301,231.17  (+8.61% YoY),5055.0,bajajauto,23,35136.45,"Attribute
Minority Interest    0.01
Minority Interest    0.00
Minority Interest      --
Name: First Date, dtype: object",5277.42,29361.54,9650.4,690.48,4581.35,5270.74,0.0,0.0,7312.69,39.51,"Attribute
Other Income    1187.52
Other Income    1187.52
Name: First Date, dtype: object",1199.52,1563.55,4378.57,5270.74,-892.1700000000001,-1,-1,7353.2,0.2564676715824249,0.8307315481317613,0.5340843980162178,0.2048941738019972,-690.48,142609.52,0.05156177511851944
19,0.37,490912,203.80  (+42.69% YoY),8139.8,bajajfinance,23,275228.67,"Attribute
Minority Interest    0.00
Minority Interest      --
Name: First Date, dtype: object",-42140.40,54371.98,271593.53,4304.52,22751.84,84954.14,135141.09,81549.4,15526.19,12559.89,"Attribute
Other Income    8.31
Other Income    8.31
Name: First Date, dtype: object",-10365.25,0.0,244537.17,3404.7400000000052,241132.43,-1,-1,28087.08,0.10529050774306822,71.8225679493881,71.8225679493881,0.11075708069878105,130836.56999999999,621747.57,0.045174410573088374
20,0.05,260672,44.26  (+40.06% YoY),1641.4,bajajfinserv,23,405509.19,"Attribute
Minority Interest    31190.74
Minority Interest    -5792.26
Name: First Date, dtype: object",-39479.54,46407.34,398596.91,5377.22,136175.73,193883.81,129891.88,81549.4,16809.94,12201.42,0.77,-13945.21,0.0,257043.96,112334.41,144709.55,-1,-1,29012.36,0.11491345158303079,2.2882032317613095,2.2882032317613095,0.17802963110729192,124514.66,385185.66000000003,0.07532045715305186
21,0.62,49998,55.99  (-23.34% YoY),2574.8,balkrishnaindustries,23,12347.66,"Attribute
Minority Interest    0.00
Minority Interest      --
Name: First Date, dtype: object",1447.97,7556.93,3927.95,76.33,774.6,3349.27,1038.09,2303.66,1434.79,48.04,346.53,-1783.09,1667.37,3077.02,1045.6100000000001,2031.4099999999999,-1,-1,1483.83,0.13710792942383124,2.942798940331481,1.3481604039747133,0.15114464578583145,961.7599999999999,50958.76,0.029118251700002117
22,0.59,8491,17.11  (-12.74% YoY),426.8,balrampurchinimills,23,5428.52,"Attribute
Minority Interest    0.00
Minority Interest      --
Name: First Date, dtype: object",452.92,2895.58,2577.74,11.9,61.25,1964.43,428.75,1449.87,396.68,48.65,"Attribute
Other Income    62.79
Other Income    62.79
Name: First Date, dtype: object",-858.75,2318.92,2504.5899999999997,514.5600000000002,1990.0299999999995,-1,-1,446.33,0.09372152111374756,4.867440143034823,0.3608325559701484,0.3410175479919915,416.85,8906.85,0.050110869723864214
23,0.00,40071,0.00  (+217.54% YoY),251.0,bandhanbank,23,155769.97,,-4244.62,,,,,,,,,,2468.55,-1617.94,,,,,-1,-1,,,,,,,,
24,2.65,107151,33.93  (+102.40% YoY),210.0,bankbaroda,23,1525878.97,"Attribute
Minority Interest     994.59
Minority Interest    -100.01
Minority Interest    -100.01
Name: First Date, dtype: object",-21270.55,,,,,,,,,,16639.37,-1096.26,,,,,-1,-1,,,,,,,,
25,0.83,21008,24.16  (+6.40% YoY),1652.0,bataindia,23,3271.66,"Attribute
Minority Interest    0.00
Minority Interest      --
Name: First Date, dtype: object",628.82,1438.21,1613.51,531.2,0.0,822.44,0.0,0.0,429.84,107.85,"Attribute
Other Income    38.68
Other Income    38.69
Name: First Date, dtype: object",438.53,904.56,1082.31,822.44,259.8699999999999,-1,-1,538.6899999999999,0.5939184793993451,1.3159744175866932,0.2161251884635961,0.06846011043412034,-531.2,20475.8,0.02630861797829633
26,0.57,65379,8.24  (-15.37% YoY),566.45,bergerpaintsindia,23,7967.17,"Attribute
Minority Interest     8.14
Minority Interest    -0.98
Name: First Date, dtype: object",975.97,4494.12,4164.45,244.69,52.96,2974.55,7.77,759.88,1175.51,99.23,51.57,-600.25,2319.12,3866.7999999999997,2214.67,1652.1299999999997,-1,-1,1275.74,0.25427938163234387,1.7459937597926551,0.6988309770755913,0.06873950351030148,-236.92,65141.08,0.019584262342595485
27,1.31,100692,4.32  (-61.59% YoY),139.95,bharatelectronics,23,35491.17,"Attribute
Minority Interest    17.75
Minority Interest    -1.82
Name: First Date, dtype: object",1266.86,13861.63,30047.74,8111.58,0.0,20565.78,0.0,0.0,3922.91,14.95,280.80,2690.84,6448.04,21936.160000000003,20565.78,1370.3800000000047,-1,-1,3938.8599999999997,0.6850131737984887,1.0666339910278144,0.753101511345546,0.1376636674214436,-8111.58,92579.42,0.04254574072725882
28,0.63,51883,15.09  (-35.69% YoY),1117.95,bharatforge,23,18384.19,"Attribute
Minority Interest    36.07
Minority Interest    19.98
Name: First Date, dtype: object",1294.47,6705.53,9002.02,1039.52,1050.06,8276.86,1751.27,5101.06,906.17,298.62,172.86,-1671.33,3126.25,6912.4400000000005,3175.8,3736.6400000000003,-1,-1,1205.79,0.0963218765427365,2.1765980225455004,1.1922003904527994,0.1292432974191932,711.75,52593.75,0.022926488413547236
29,0.31,45563,0.92  (-54.59% YoY),131.8,bharatheavyelectricals,23,59369.79,"Attribute
Minority Interest    0.00
Minority Interest    0.00
Minority Interest      --
Name: First Date, dtype: object",-741.52,26828.03,30082.28,6642.58,0.0,23351.45,0.0,5385.0,423.42,521.43,488.63,1480.46,6755.9,23439.699999999997,17966.45,5473.249999999996,-1,-1,945.8499999999999,0.036989963023724655,1.304637254438133,0.9286086010313666,0.5888117551522069,-6642.58,38919.42,0.024302777379519015
30,1.17,74308,87.23  (+598.12% YoY),342.2,bharatpetroleumcorporation,23,188108.77,"Attribute
Minority Interest    0.00
Minority Interest    0.00
Minority Interest      --
Name: First Date, dtype: object",12465.60,53522.36,56012.93,2574.38,4277.14,74841.71,41369.36,19085.25,2272.13,3745.38,1498.22,-7806.41,38069.19,49161.41,55756.46000000001,-6595.050000000003,-1,-1,6018.51,0.05402486602869826,0.8817168450077354,0.19894053532092962,0.7202772245249502,38794.98,113101.98000000001,0.053213126772846946
31,0.42,546166,14.61  (+46.41% YoY),948.5,bhartiairtel,23,446633.20,"Attribute
Minority Interest    28881.40
Minority Interest    -3941.50
Name: First Date, dtype: object",65324.60,90794.8,57501.3,13418.6,4704.5,121963.8,151568.6,13976.2,16478.4,19299.9,"Attribute
Other Income    936.60
Other Income    936.60
Name: First Date, dtype: object",-39080.20,257.6,39378.200000000004,107987.6,-68609.4,-1,-1,35779.3,0.14728780138398906,0.3646548307398257,0.362269371668599,0.1662403005679592,138150.0,684315.0,0.05228483958410966
32,0.58,30903,3.50  (-40.68% YoY),258.8,biocon,23,52042.80,"Attribute
Minority Interest    4621.90
Minority Interest    -180.30
Name: First Date, dtype: object",1852.50,17866.9,12334.0,2400.1,1326.5,8510.7,15290.5,2480.2,1355.5,419.0,375.90,-14281.80,4243.7,8607.4,6030.500000000001,2576.8999999999987,-1,-1,1775.5,0.053418578412937186,1.4273111682281732,0.723605007876627,0.5781606963725205,12890.4,43792.4,0.04054356463678629
33,0.65,14884,12.64  (-24.81% YoY),543.0,birlasoft,23,3187.27,"Attribute
Minority Interest    0.00
Minority Interest    0.00
Minority Interest      --
Name: First Date, dtype: object",560.92,2448.29,2169.77,553.49,489.03,624.02,0.0,0.0,442.42,18.59,22.81,251.69,0.0,1127.25,624.02,503.23,-1,-1,462.01,0.24383048342833016,1.8064324861382648,1.8064324861382648,0.16449140016124697,-553.49,14329.51,0.03224185614162661
34,2.44,58097,508.82  (+16.17% YoY),19717.75,bosch,23,16252.30,"Attribute
Minority Interest    0.00
Minority Interest      --
Name: First Date, dtype: object",1213.70,11005.1,8833.6,2057.1,690.1,5023.5,0.0,0.0,1882.2,12.1,"Attribute
Other Income    473.20
Other Income    473.20
Name: First Date, dtype: object",261.70,1902.9,6086.4,5023.5,1062.8999999999996,-1,-1,1895.3,0.21181269557443003,1.2115855479247535,0.8327859062406688,0.18942630428421434,-2057.1,56038.9,0.03382114923740473
35,1.58,109714,101.38  (+65.83% YoY),4522.0,britanniaindustries,23,9352.72,"Attribute
Minority Interest    30.23
Minority Interest     5.45
Name: First Date, dtype: object",2526.21,3534.27,4746.23,197.98,1800.99,4134.4,1551.8,1428.71,2651.76,169.1,"Attribute
Other Income    215.86
Other Income    215.86
Name: First Date, dtype: object",-1517.06,1193.26,2747.26,2705.6899999999996,41.57000000000062,-1,-1,2821.86,0.44672302431610944,1.0153639182611462,0.5743451762766616,0.03221348232677689,1353.82,111066.82,0.025406867685596832
36,0.46,10054,0.00  (+22.51% YoY),760.0,canfinhomes,23,33070.49,,-4044.03,3647.28,32972.93,308.47,1459.03,22517.47,6849.01,22219.06,824.03,1700.86,1.13,-327.27,0.0,31205.43,298.40999999999985,30907.02,-1,-1,2525.89,0.07794301703835729,104.57233336684433,104.57233336684433,0.3627690471454148,6540.54,16593.54,0.15222128611495797
37,3.25,67096,70.63  (+87.60% YoY),372.05,canarabank,23,1381029.56,"Attribute
Minority Interest    903.79
Minority Interest    -89.84
Minority Interest    -89.84
Name: First Date, dtype: object",-39977.87,,,,,,,,,,"Attribute
Other Income    25325.04
Other Income    25325.04
Name: First Date, dtype: object",-1237.80,,,,,-1,-1,,,,,,,,
38,2.64,11841,24.77  (-32.46% YoY),286.0,chambalfertiliserschemicals,23,12770.07,"Attribute
Minority Interest    -15.19
Minority Interest      0.43
Name: First Date, dtype: object",3239.26,7147.26,5638.74,57.63,1837.3,3152.14,1741.26,1514.86,1358.8,320.02,167.76,-1873.16,1373.83,3743.8099999999995,1637.28,2106.5299999999997,-1,-1,1679.82,0.16236812217577262,2.286603390989934,1.4475105052281831,0.6036027362553839,1683.6299999999999,13523.63,0.12421369114653388
39,0.16,105746,33.51  (+15.38% YoY),1259.0,cholamandalaminvestmentfinancecompany,23,113626.90,"Attribute
Minority Interest    0.00
Minority Interest    0.00
Minority Interest      --
Name: First Date, dtype: object",-27105.05,14346.1,112175.01,3007.1,3561.87,74919.69,24171.31,73186.19,3614.59,5748.03,"Attribute
Other Income    221.49
Other Income    221.49
Name: First Date, dtype: object",-2148.41,0.0,105606.04,1733.5,103872.54,-1,-1,9363.619999999999,0.08614463207186983,60.92070377848283,60.92070377848283,0.1356656516558546,21164.210000000003,126909.21,0.07378203678046691
40,0.73,94615,38.49  (+23.83% YoY),1151.0,cipla,23,29463.28,"Attribute
Minority Interest    305.76
Minority Interest    -30.98
Minority Interest        --
Name: First Date, dtype: object",3237.65,23407.78,17274.95,1564.62,3089.86,5109.67,0.0,520.36,4220.77,109.54,475.45,-2388.51,5156.43,12620.470000000001,4589.31,8031.160000000001,-1,-1,4331.31,0.19367747116732967,2.749971128557452,1.6263969964983844,0.24740030650531097,-1564.62,93049.38,0.04654851004918034
41,0.71,10425,0.00  (+15.54% YoY),136.0,cityunionbank,23,66594.56,,100.40,,,,,,,,,,810.36,-71.88,,,,,-1,-1,,,,,,,,
42,8.03,186022,44.30  (+18.59% YoY),304.55,coalindia,23,211206.65,"Attribute
Minority Interest    770.68
Minority Interest     40.25
Name: First Date, dtype: object",35686.21,57244.89,108082.7,39921.85,4054.01,68734.64,4106.25,8.48,38008.95,684.31,6550.66,-23422.99,8154.68,64106.840000000004,68726.16,-4619.32,-1,-1,38694.259999999995,1.8049573253188176,0.9327865837404563,0.8141319113420566,0.3077318274182623,-35815.6,150205.4,0.2576089807690003
43,1.24,31654,115.52  (+2.29% YoY),5239.9,coforgelimited,23,5683.40,"Attribute
Minority Interest     87.40
Minority Interest    -51.30
Name: First Date, dtype: object",950.50,3082.5,2606.4,578.7,0.0,1739.3,338.2,0.0,1003.5,80.6,61.90,-271.60,0.0,2027.7,1739.3,288.4000000000001,-1,-1,1085.1,0.38180858550316676,1.1658138331512677,1.1658138331512677,0.09738105768623238,-240.50000000000006,31412.5,0.034543573418225226
44,1.58,42556,18.42  (+2.69% YoY),706.0,containercorporationindia,23,13464.94,"Attribute
Minority Interest    101.82
Minority Interest      0.40
Minority Interest      0.40
Name: First Date, dtype: object",1405.83,11230.61,4121.4,3102.12,121.78,1350.18,44.55,6.36,1542.05,63.89,313.40,-593.44,37.18,897.4999999999998,1343.8200000000002,-446.3200000000004,-1,-1,1606.94,0.19646184316698045,0.667872185262907,0.6402047893319044,0.26390191747344677,-3057.5699999999997,39497.43,0.04068467239514065
45,1.04,33817,68.20  (+18.54% YoY),1175.0,coromandelinternational,23,14234.80,"Attribute
Minority Interest    0.00
Minority Interest      --
Name: First Date, dtype: object",590.97,7907.79,10243.61,1417.76,0.0,5856.49,0.0,4.6,2725.34,190.01,"Attribute
Other Income    171.13
Other Income    171.13
Name: First Date, dtype: object",639.04,4416.45,8825.85,5851.889999999999,2973.960000000001,-1,-1,2916.3500000000004,0.44904020706337394,1.5082050414481478,0.7535001512331915,0.23384067185143567,-1417.76,32398.24,0.09001569221044106
46,1.00,19186,7.19  (-24.65% YoY),299.45,cromptongreavesconsumerelectrical,23,5654.43,"Attribute
Minority Interest    447.71
Minority Interest    -13.19
Minority Interest    -13.19
Name: First Date, dtype: object",552.59,2659.99,2258.29,109.48,547.83,1736.93,597.18,325.0,612.15,109.18,"Attribute
Other Income    66.78
Other Income    66.78
Name: First Date, dtype: object",263.16,743.85,1600.98,1411.93,189.04999999999995,-1,-1,722.3299999999999,0.20800301783343747,1.1338947398242123,0.6070626730786937,0.1386422391327009,487.69999999999993,19672.7,0.03671737992243057
47,1.43,48554,49.92  (+56.37% YoY),1716.0,cumminsindia,23,7918.64,"Attribute
Minority Interest    0.00
Minority Interest      --
Name: First Date, dtype: object",819.66,5758.24,5098.47,1386.23,1047.92,1890.35,0.0,350.04,1397.61,16.24,308.15,69.14,903.66,2664.32,1540.31,1124.0100000000002,-1,-1,1414.85,0.2996262216622018,1.7297297297297298,1.1430556186741632,0.11859455451662067,-1386.23,47166.77,0.029996754070715465
48,0.71,139929,8.46  (+28.21% YoY),562.6,dlf,23,53927.99,"Attribute
Minority Interest    4.36
Minority Interest    1.88
Name: First Date, dtype: object",2375.26,37687.53,25770.69,2274.72,470.72,11184.76,1049.66,2053.43,1502.42,392.14,317.31,-462.62,19361.23,23025.249999999996,9131.33,13893.919999999996,-1,-1,1895.56,0.049214999519678886,2.5215658617090826,0.40125808617145553,0.2693332332825933,-1225.0599999999997,138702.94,0.013666328918478583
49,0.96,96354,9.77  (-0.65% YoY),544.45,daburindia,23,13654.37,"Attribute
Minority Interest    468.17
Minority Interest      5.82
Name: First Date, dtype: object",1488.43,8973.26,4248.96,325.92,736.47,3609.43,298.84,700.18,2220.31,78.24,445.39,-586.54,2024.2,3186.5699999999997,2909.25,277.3199999999997,-1,-1,2299.5499999999997,0.23838525620026618,1.0953235369940706,0.39954283750107406,0.093128048653922,-27.08000000000004,96325.92,0.0238725983618947
50,0.39,43153,51.67  (-12.94% YoY),2278.95,dalmiabharat,23,25543.00,"Attribute
Minority Interest    116.00
Minority Interest    -44.00
Minority Interest    -44.00
Name: First Date, dtype: object",2252.00,15628.0,7350.0,285.0,2935.0,4460.0,3210.0,532.0,915.0,234.0,"Attribute
Other Income    138.00
Other Income    138.00
Name: First Date, dtype: object",-2326.00,1316.0,4130.0,3928.0,202.0,-1,-1,1150.0,0.06025674613570867,1.0514256619144602,0.7163951120162932,0.36215326860241465,2925.0,46077.0,0.024958222106473946
51,0.36,28557,56.26  (-23.16% YoY),2085.0,deepaknitrite,23,5128.74,"Attribute
Minority Interest    0.00
Minority Interest      --
Name: First Date, dtype: object",649.92,4089.96,2739.07,39.95,376.87,793.76,43.02,11.46,1145.88,24.78,47.58,-276.05,893.07,2322.2500000000005,782.3,1539.9500000000005,-1,-1,1171.66,0.2854581202536734,2.9684903489709837,1.826895053048703,0.1432209265679168,3.0700000000000003,28559.07,0.041025845729570326
52,0.87,3828,10.16  (+77.51% YoY),144.05,deltacorp,23,2546.85,"Attribute
Minority Interest     2.09
Minority Interest    -0.94
Name: First Date, dtype: object",154.04,2218.99,1051.35,128.66,534.8,223.25,0.0,0.0,328.47,9.61,46.39,-73.00,193.4,387.89,223.25,164.64,-1,-1,339.08000000000004,0.1622136217726388,1.7374692049272116,0.8711758118701007,0.5796734587251828,-128.66,3698.34,0.09168437731522792
53,0.80,99565,55.65  (-52.43% YoY),3729.0,divislaboratories,23,14438.77,"Attribute
Minority Interest    0.00
Minority Interest      --
Name: First Date, dtype: object",2459.73,12767.09,9311.74,4213.09,0.0,1101.08,0.0,0.0,2368.63,0.67,344.66,-2707.62,3000.41,5098.65,1101.08,3997.5699999999997,-1,-1,2370.3,0.2770984334814122,4.6305899662149885,1.905619936789334,0.12822869482247778,-4213.09,95350.91,0.024858703498477363
54,0.06,31299,46.78  (+27.54% YoY),5200.0,dixontechnologies,23,4679.43,"Attribute
Minority Interest    -0.28
Minority Interest     0.44
Minority Interest     0.44
Name: First Date, dtype: object",725.75,1284.91,3139.27,229.18,30.0,2940.99,145.23,37.39,343.16,60.57,5.61,-355.55,957.87,2880.09,2903.6,-23.509999999999764,-1,-1,404.73,0.326830056123067,0.9919031547045049,0.6620126739220279,0.04105274928911467,-83.95000000000002,31214.05,0.012966276404375594
55,0.48,20827,31.60  (-2.86% YoY),2504.8,drlalpathlabs,23,2385.56,"Attribute
Minority Interest    33.25
Minority Interest    -2.23
Minority Interest    -2.20
Name: First Date, dtype: object",456.03,1666.3,973.09,665.41,149.94,469.75,83.33,153.34,343.83,37.53,"Attribute
Other Income    41.72
Other Income    41.70
Name: First Date, dtype: object",-287.31,33.81,157.74000000000007,316.40999999999997,-158.6699999999999,-1,-1,382.36,0.3089627977633408,0.49853038778799685,0.3916753579216841,0.08000672204350122,-582.0799999999999,20243.92,0.018887646266138182
56,0.72,92859,283.19  (+57.54% YoY),5510.0,drreddyslaboratories,23,32285.10,"Attribute
Minority Interest    0.00
Minority Interest      --
Name: First Date, dtype: object",5887.50,23286.1,20425.5,1730.2,4449.6,8572.1,0.0,1119.0,6011.5,142.8,1055.50,-4137.30,4867.0,14245.699999999999,7453.1,6792.5999999999985,-1,-1,6155.3,0.27145874954244564,1.9113791576659374,1.2583622922005606,0.25076836924799967,-1730.2,91127.8,0.06754579831840558
57,1.06,95444,117.69  (+56.95% YoY),3482.0,eichermotors,23,19197.64,"Attribute
Minority Interest    0.00
Minority Interest      --
Name: First Date, dtype: object",2847.46,14990.28,3683.23,857.12,219.89,3234.58,62.96,132.74,3484.46,28.02,595.11,-2421.60,1278.44,2606.2200000000003,3101.84,-495.6199999999999,-1,-1,3513.48,0.2452030377852809,0.8402174193381993,0.4280620534908313,0.15705837978290935,-794.16,94648.84,0.037121215643002074
58,0.21,37569,71.14  (+34.30% YoY),3430.0,escortskubota,23,10085.23,"Attribute
Minority Interest    -3.88
Minority Interest     0.13
Name: First Date, dtype: object",223.91,8186.71,4903.41,471.9,1794.93,1715.9,0.0,0.0,895.12,13.27,280.93,-61.77,1217.68,2636.58,1715.9,920.6799999999998,-1,-1,909.39,0.11787587769497887,1.5365580744798646,0.826912990267498,0.21791130985653065,-471.9,37096.1,0.02451443682759104
59,0.76,22355,9.94  (-81.38% YoY),258.95,exideindustries,23,14767.68,"Attribute
Minority Interest     9.02
Minority Interest    -0.07
Minority Interest    -0.07
Name: First Date, dtype: object",768.24,11132.28,5690.99,140.31,603.25,3024.39,141.29,138.09,1137.31,73.84,124.74,-798.82,3436.4,4947.429999999999,2886.2999999999997,2061.1299999999997,-1,-1,1212.1499999999999,0.10754257475812566,1.7141080275785607,0.5235179988220211,0.4979771863117871,0.9799999999999898,22354.98,0.05422281746617532
60,0.68,34575,14.50  (+34.90% YoY),148.85,federalbank,23,268004.06,"Attribute
Minority Interest    351.97
Minority Interest    -45.10
Name: First Date, dtype: object",489.30,,,,,,,,,,"Attribute
Other Income    2436.24
Other Income    2436.23
Name: First Date, dtype: object",-9843.74,,,,,-1,-1,,,,,,,,
61,3.24,81235,6.32  (-79.28% YoY),123.25,gailindia,23,107780.75,"Attribute
Minority Interest    179.55
Minority Interest     20.11
Name: First Date, dtype: object",3204.69,64927.43,20530.69,1102.97,0.0,21711.02,8879.69,7395.21,5748.32,366.58,"Attribute
Other Income    1328.47
Other Income    1328.47
Name: First Date, dtype: object",-7640.12,5917.92,19427.719999999998,14315.810000000001,5111.909999999996,-1,-1,6115.9,0.07635391843330583,1.3570814365376458,0.9436979116096118,0.7992543854250015,7776.72,89010.72,0.06870970148314719
62,0.00,35793,-0.12,59.35,gmrairportsinfrastructure,23,44111.43,"Attribute
Minority Interest    1761.63
Minority Interest     660.67
Minority Interest     660.67
Name: First Date, dtype: object",2299.23,-792.78,8878.06,4020.67,2538.26,9078.73,28176.48,3767.0,-1066.17,2343.11,"Attribute
Other Income    595.59
Other Income    595.59
Name: First Date, dtype: object",-2422.35,134.73,2319.129999999999,5311.73,-2992.6000000000004,-1,-1,1277.94,0.04710426048183508,0.4366053997473515,0.4112407821933719,-0.02214902355209119,24155.809999999998,59947.81,0.02131754270923325
63,0.32,22029,5.18  (-82.70% YoY),788.95,glenmarkpharma,23,19371.68,"Attribute
Minority Interest    365.34
Minority Interest    -80.16
Minority Interest    -80.16
Name: First Date, dtype: object",625.39,9473.92,9873.72,1469.7,0.0,5045.53,3852.14,495.58,1634.31,349.58,316.79,-528.49,2977.79,8404.019999999999,4549.95,3854.069999999999,-1,-1,1984.8899999999999,0.1606945953429178,1.8470576599742852,1.1925911273750258,0.4300658223251169,2382.4399999999996,24410.44,0.08131315945144782
64,0.00,100829,16.39  (-2.26% YoY),974.95,godrejconsumerproducts,23,17498.77,"Attribute
Minority Interest    0.00
Minority Interest      --
Name: First Date, dtype: object",2150.65,13794.23,5805.97,390.72,2189.65,3291.31,189.12,844.84,2186.84,175.74,168.41,-1758.34,1537.15,3225.6,2446.47,779.1300000000001,-1,-1,2363.58,0.1637115090109278,1.318471103263069,0.6901576557243702,0.13680816035069276,-201.60000000000002,100626.4,0.0234886669899748
65,0.00,48030,23.41  (+70.96% YoY),1727.0,godrejproperties,23,23105.30,"Attribute
Minority Interest     22.95
Minority Interest    -49.21
Minority Interest    -49.21
Name: First Date, dtype: object",-2860.64,9264.2,20172.51,2015.94,1080.47,13786.16,0.0,6411.75,836.0,174.23,786.74,2488.06,12073.4,17076.1,7374.41,9701.689999999999,-1,-1,1011.23,0.07402849631881675,2.315588636921462,0.678386474307775,0.19288361440766189,-2015.94,46013.06,0.021977021306559485
66,0.42,8560,18.03  (+6.43% YoY),359.8,granulesindia,23,4904.56,"Attribute
Minority Interest    0.00
Minority Interest    0.00
Minority Interest      --
Name: First Date, dtype: object",738.75,2834.91,2574.15,312.79,0.0,1813.5,148.64,909.98,687.17,55.93,13.78,-191.36,1149.41,2261.36,903.52,1357.8400000000001,-1,-1,744.0999999999999,0.20780620765540084,2.5028333628475297,1.230686647777581,0.3311810747663551,-164.15000000000003,8394.85,0.08863767667081603
67,0.51,130379,98.27  (-17.22% YoY),1935.95,grasimindustries,23,337205.03,"Attribute
Minority Interest    44170.83
Minority Interest    -4250.94
Minority Interest    -4250.94
Name: First Date, dtype: object",-12685.14,78750.17,94365.31,3713.38,14806.33,69532.99,66701.27,34635.46,14605.78,6043.73,"Attribute
Other Income    3612.05
Other Income    3612.05
Name: First Date, dtype: object",-13686.71,11159.15,75845.59999999999,34897.530000000006,40948.069999999985,-1,-1,20650.510000000002,0.11708395908864323,2.173380179055652,1.8536111294982762,0.6040096181133464,62987.89000000001,193365.89,0.10679499884907312
68,1.58,29033,19.79  (+13.68% YoY),424.95,gujaratgas,23,10927.43,"Attribute
Minority Interest    0.00
Minority Interest      --
Name: First Date, dtype: object",2375.49,7027.95,1979.19,680.98,0.0,2803.37,0.0,0.0,2024.71,40.35,101.33,-1039.05,61.18,1298.21,2803.37,-1505.1599999999999,-1,-1,2066.06,0.32551910596709926,0.4630890678005401,0.44126533422273906,0.24206764716012813,-680.98,28351.02,0.07287427401201085
69,4.80,9705,63.57  (-51.57% YoY),624.4,gujaratnarmadavalleyfertchem,23,11695.53,"Attribute
Minority Interest    0.00
Minority Interest      --
Name: First Date, dtype: object",1373.08,9105.11,4870.72,1993.91,321.02,1291.9,0.0,0.01,1931.55,5.26,"Attribute
Other Income    361.23
Other Income    361.00
Name: First Date, dtype: object",-1229.43,1123.21,2555.7900000000004,1291.89,1263.9000000000003,-1,-1,1937.81,0.2725007417865595,1.978334068690059,1.1089024607358213,0.938187532199897,-1993.91,7710.09,0.2513342905206035
70,3.85,338014,55.65  (+11.28% YoY),1266.0,hcltechnologies,23,93411.00,"Attribute
Minority Interest    -7.00
Minority Interest     6.00
Minority Interest     6.00
Name: First Date, dtype: object",18009.00,65405.0,53577.0,14724.0,5385.0,21431.0,2111.0,140.0,19488.0,353.0,1358.00,-3931.00,228.0,33468.0,21291.0,12177.0,-1,-1,19842.0,0.3748583087735207,1.571931802169931,1.5612230519938002,0.1934979024537445,-12613.0,325400.0,0.060977258758451135
71,1.75,58648,74.32  (+16.45% YoY),2792.0,hdfcassetmanagementcompany,23,6536.53,,1149.32,5997.04,6341.14,4.01,6079.16,272.82,0.0,0.0,1870.61,9.69,315.76,-218.17,0.0,257.97000000000025,272.82,-14.849999999999739,-1,-1,1881.3,0.3139146642015808,0.9455685067077203,0.9455685067077203,0.10225480834811077,-4.01,58642.99,0.03208056069446664
72,1.23,1167296,64.35  (-9.99% YoY),1530.1,hdfcbank,23,2530432.43,"Attribute
Minority Interest     860.26
Minority Interest    -151.59
Minority Interest    -151.59
Name: First Date, dtype: object",0.00,,,,,,,,,,"Attribute
Other Income    33912.05
Other Income    33912.05
Name: First Date, dtype: object",0.00,,,,,-1,-1,,,,,,,,
73,0.31,133627,6.62  (+0.93% YoY),626.95,hdfclifeinsurancecompany,23,247871.99,"Attribute
Minority Interest    0.00
Minority Interest      --
Name: First Date, dtype: object",6883.17,12989.99,7061.58,1168.55,0.0,8171.24,950.0,0.0,1331.27,82.41,"Attribute
Other Income    1437.32
Other Income     602.51
Name: First Date, dtype: object",-10087.38,0.0,5893.03,8171.24,-2278.21,-1,-1,1414.68,0.11076902839460546,0.7211916428840666,0.7211916428840666,0.09721081817297403,-218.54999999999995,133407.45,0.010604205387330317
74,0.54,87167,17.80  (-7.37% YoY),1402.95,havellsindia,23,11157.44,"Attribute
Minority Interest    0.00
Minority Interest    0.00
Minority Interest      --
Name: First Date, dtype: object",564.93,6625.45,7066.17,1870.17,180.87,3835.54,0.0,0.0,1447.06,33.62,177.71,35.04,3708.58,5015.13,3835.54,1179.5900000000001,-1,-1,1481.6799999999998,0.31158627883110984,1.3075420931602852,0.34064303852912503,0.07600869595144952,-1870.17,85295.83,0.017371071950410703
75,3.23,61968,146.60  (+10.48% YoY),3000.0,heromotocorp,23,23917.03,"Attribute
Minority Interest    125.06
Minority Interest     10.06
Name: First Date, dtype: object",2613.84,16655.57,9435.33,422.8,3671.85,6012.62,20.09,293.15,3860.51,104.88,569.01,-421.33,1756.39,5340.68,5719.47,-378.78999999999996,-1,-1,3966.3900000000003,0.23971882042861087,0.9337718355022406,0.6266821925807811,0.2687769493932352,-402.71000000000004,61564.29,0.06442679676806148
76,0.62,108743,37.52  (-44.70% YoY),485.65,hindalcoindustries,23,224817.00,"Attribute
Minority Interest    11.00
Minority Interest     0.00
Minority Interest       --
Name: First Date, dtype: object",19208.00,94802.0,89311.0,15368.0,5857.0,60457.0,51434.0,6901.0,13191.0,3646.0,1257.00,-8121.00,42958.0,68086.0,53556.0,14530.0,-1,-1,16838.0,0.12221907686054193,1.2713048024497722,0.4691911270445888,0.8717986445104512,36066.0,144808.0,0.1162781061819789
77,1.40,131187,90.04  (-45.31% YoY),1964.8,hindustanaeronauticsltd,23,67203.80,"Attribute
Minority Interest    3.74
Minority Interest    0.01
Name: First Date, dtype: object",8829.72,23572.15,51885.04,20316.61,0.0,30827.27,0.0,0.0,6506.63,57.97,"Attribute
Other Income    1670.12
Other Income    1670.12
Name: First Date, dtype: object",-5728.02,12148.69,31568.43,30827.27,741.1599999999999,-1,-1,6565.6,2.0167468376982,1.0240423495171644,0.6299532848675863,0.17968358145243052,-20316.61,110869.39,0.059219230844509925
78,0.60,14878,2.95  (-25.95% YoY),155.55,hindustancopper,23,2985.27,"Attribute
Minority Interest    0.00
Minority Interest    0.04
Minority Interest    0.04
Name: First Date, dtype: object",673.58,2082.17,701.24,301.04,0.0,838.15,17.2,139.18,395.67,15.93,"Attribute
Other Income    95.87
Other Income    95.87
Name: First Date, dtype: object",-337.30,116.53,400.2,698.97,-298.77000000000004,-1,-1,412.6,0.21295373959360214,0.5725567620927936,0.40584002174628375,0.13994958999865573,-283.84000000000003,14593.16,0.028273519923032436
79,0.00,36045,58.81  (+355.37% YoY),253.65,hindustanpetroleumcorporation,23,161339.51,"Attribute
Minority Interest    0.00
Minority Interest      --
Name: First Date, dtype: object",-3466.31,32263.27,43976.02,672.4,5168.89,73865.89,48171.47,18876.83,-12475.43,2174.11,"Attribute
Other Income    1465.91
Other Income    1465.91
Name: First Date, dtype: object",-11383.55,29575.0,38134.729999999996,54989.06,-16854.33,-1,-1,-10300.32,-0.10442423633532194,0.6934966700649183,0.15566241721535148,0.8950830905812179,47499.07,83543.07,-0.12329352991217582
80,1.53,600650,43.81  (+12.36% YoY),2518.35,hindustanunilever,23,73087.00,"Attribute
Minority Interest    218.00
Minority Interest    -23.00
Name: First Date, dtype: object",9991.00,50304.0,16998.0,4678.0,2811.0,12028.0,0.0,98.0,13410.0,114.0,512.00,-1494.00,4251.0,9509.0,11930.0,-2421.0,-1,-1,13525.0,0.295796518239874,0.7970662196144175,0.4407376362112322,0.08374927162240905,-4678.0,595971.0,0.02269405726117546
81,0.84,667585,53.24  (+29.11% YoY),954.9,icicibank,23,1958490.50,"Attribute
Minority Interest     6686.75
Minority Interest    -1424.67
Minority Interest    -1424.67
Name: First Date, dtype: object",-3771.19,,,,,,,,,,"Attribute
Other Income    65111.99
Other Income    65111.99
Name: First Date, dtype: object",-68005.32,,,,,-1,-1,,,,,,,,
82,0.76,64546,0.00  (+24.09% YoY),1320.0,icicilombardgeneralinsurancecompany,23,55086.20,,2290.13,10443.44,11076.48,203.13,0.0,44445.15,35.0,0.0,2112.53,80.62,"Attribute
Other Income    994.78
Other Income    994.78
Name: First Date, dtype: object",-1685.08,0.0,10873.35,44445.15,-33571.8,-1,-1,2194.15,0.21353613662264204,0.24464649123695162,0.24464649123695162,0.16179840733740278,-168.13,64376.87,0.034082893436726575
83,0.11,75564,6.00  (-21.66% YoY),544.0,iciciprudentiallifeinsurancecompany,23,255851.30,"Attribute
Minority Interest    0.00
Minority Interest      --
Name: First Date, dtype: object",89.49,10089.33,5724.79,775.22,0.0,5694.41,1200.0,0.0,1370.49,113.18,"Attribute
Other Income    1967.87
Other Income     919.09
Name: First Date, dtype: object",-1145.41,0.0,4949.57,5694.41,-744.8400000000001,-1,-1,1484.67,0.14120738702562557,0.8691980380759377,0.8691980380759377,0.13352032713990789,424.78,75987.78,0.019538273127600255
84,0.00,64587,3.87  (+94.37% YoY),92.6,idfcfirstbank,23,239882.05,"Attribute
Minority Interest    0.00
Minority Interest      --
Name: First Date, dtype: object",3563.00,,,,,,,,,,4467.28,-11995.74,,,,,-1,-1,,,,,,,,
85,8.73,20152,26.60  (+484.23% YoY),124.95,idfc,23,11686.21,"Attribute
Minority Interest     0.00
Minority Interest    -0.04
Name: First Date, dtype: object",0.00,11597.2,11603.18,377.46,11220.62,45.73,0.0,0.0,90.56,0.0,0.41,0.00,0.0,5.100000000000364,45.73,-40.62999999999963,-1,-1,91.56,0.00816061691269138,0.1115241635687812,0.1115241635687812,0.5754863040889242,-377.46,19773.54,0.004630430363000252
86,3.46,559009,15.96  (+20.39% YoY),447.2,itc,23,85882.98,"Attribute
Minority Interest     383.53
Minority Interest    -285.06
Name: First Date, dtype: object",18877.55,69155.26,39670.89,4880.19,17232.86,13739.41,3.49,35.32,25793.21,43.2,1980.49,-5732.29,11914.13,17557.839999999997,13704.09,3853.7499999999964,-1,-1,25837.41,0.4017392513093596,1.281211667465698,0.41182668823686924,0.12371045904448764,-4876.7,554131.3,0.04662687345038982
87,0.00,7092,-9.50,230.6,indiacements,23,11467.22,"Attribute
Minority Interest    50.45
Minority Interest     0.00
Minority Interest    -1.88
Name: First Date, dtype: object",-19.46,5776.3,3426.86,64.87,3.97,2826.55,1801.24,1138.29,-563.94,241.68,40.11,434.85,784.66,3358.0200000000004,1688.2600000000002,1669.7600000000002,-1,-1,-321.26000000000005,-0.03713576296734698,1.9890419722080723,1.5242675891154207,0.8144811054709532,1736.37,8827.369999999999,-0.0363936257345053
88,0.70,8387,24.12  (-8.51% YoY),177.5,indiabullshousingfinance,23,74945.24,"Attribute
Minority Interest    0.00
Minority Interest      --
Name: First Date, dtype: object",0.00,17361.25,72070.41,5232.23,5370.23,57132.93,0.0,52403.47,1603.85,5636.49,6.51,0.00,0.0,61467.95000000001,4729.459999999999,56738.49000000001,-1,-1,7241.34,0.11221231351835331,12.996822047337332,12.996822047337332,2.070019077143198,-5232.23,3153.7700000000004,2.296090076321355
89,0.71,17334,52.28  (-37.60% YoY),2830.0,indiamartintermesh,23,3444.63,"Attribute
Minority Interest    0.00
Minority Interest      --
Name: First Date, dtype: object",475.83,2058.49,2363.37,58.28,2271.83,856.06,0.0,0.0,409.18,8.15,"Attribute
Other Income    180.53
Other Income    180.50
Name: First Date, dtype: object",-324.01,0.0,33.25999999999976,856.06,-822.8000000000002,-1,-1,418.33,0.20914303998080203,0.038852416886666546,0.038852416886666546,0.1187544709818853,-58.28,17274.72,0.024216311465540395
90,0.00,11877,3.51  (-0.14% YoY),134.4,indianenergyexchange,23,1453.41,"Attribute
Minority Interest    0.00
Minority Interest    0.00
Minority Interest      --
Name: First Date, dtype: object",-22.62,799.1,771.67,64.61,689.49,610.44,0.0,0.0,388.57,2.46,73.25,70.26,0.0,17.569999999999936,610.44,-592.8700000000001,-1,-1,392.03,0.5337445029884681,0.02878251752834011,0.02878251752834011,0.06728129999158036,-64.61,11811.39,0.0331908437533601
91,0.24,58925,7.43  (+428.56% YoY),417.45,indianhotelscompany,23,13668.75,"Attribute
Minority Interest    660.09
Minority Interest    -50.24
Name: First Date, dtype: object",1618.99,7981.96,2590.34,1053.43,757.33,2119.15,330.98,487.28,1291.35,236.05,138.90,-144.58,109.21,779.58,1631.8700000000001,-852.2900000000001,-1,-1,1528.3999999999999,0.19729462138511564,0.4777218773554266,0.4107986543045708,0.13545965210012728,-722.45,58201.55,0.026260469008127788
92,3.34,126668,17.36  (-12.66% YoY),89.0,indianoilcorporation,23,441762.09,"Attribute
Minority Interest     3494.10
Minority Interest    -1912.14
Name: First Date, dtype: object",29643.72,139720.24,158865.49,2096.64,10436.54,206658.33,63312.94,76801.88,14175.5,7541.36,"Attribute
Other Income    4198.92
Other Income    4198.92
Name: First Date, dtype: object",-28029.56,121107.58,146332.30999999997,129856.44999999998,16475.859999999986,-1,-1,21717.86,0.07819537534634208,1.126877486640055,0.19425088241669913,1.1030429153377332,61216.3,187883.3,0.11559228521108583
93,0.78,56368,0.00  (+20.09% YoY),710.0,irctc-indianrailwaycateringtourismcorp,23,5088.76,,810.12,2478.4,4352.65,1933.73,0.0,2391.37,0.0,0.0,1326.81,16.11,"Attribute
Other Income    120.43
Other Income    120.43
Name: First Date, dtype: object",-315.14,9.61,2418.9199999999996,2391.37,27.549999999999727,-1,-1,1343.9199999999998,2.467402280279802,1.0115205927982702,1.0075019758548445,0.04396820891285836,-1933.73,54433.27,0.0246893122533333
94,2.82,32228,24.01  (-1.46% YoY),460.85,indraprasthagas,23,12620.60,"Attribute
Minority Interest    0.00
Minority Interest      --
Name: First Date, dtype: object",2230.59,7931.24,4227.9,2633.23,419.13,4231.58,0.0,0.0,1868.74,10.59,202.91,-841.36,49.17,1175.5399999999995,4231.58,-3056.0400000000004,-1,-1,1880.33,0.3549125048839092,0.27780167218863866,0.2661818989597265,0.24609780315253815,-2633.23,29593.77,0.06353803520132785
95,0.00,51958,10.80  (-46.45% YoY),188.25,industowers,23,46572.40,"Attribute
Minority Interest    0.00
Minority Interest      --
Name: First Date, dtype: object",7904.80,21109.5,8707.6,22.4,275.6,8162.8,2434.0,2278.6,3252.1,1453.9,"Attribute
Other Income    361.30
Other Income    361.30
Name: First Date, dtype: object",-1730.00,0.0,8409.6,5884.200000000001,2525.3999999999996,-1,-1,4707.0,0.1824439819067664,1.4291832364637502,1.4291832364637502,0.4062800723661419,2411.6,54368.6,0.08657570730164102
96,0.99,110435,102.14  (+46.07% YoY),1430.95,indusindbank,23,457836.63,"Attribute
Minority Interest    0.00
Minority Interest      --
Name: First Date, dtype: object",-12442.28,,,,,,,,,,8172.77,-560.16,,,,,-1,-1,,,,,,,,
97,0.45,55186,-9.87,4259.0,infoedgeindia,23,16660.30,"Attribute
Minority Interest    1027.85
Minority Interest     -36.95
Name: First Date, dtype: object",520.79,13398.02,3690.63,571.46,754.68,1348.94,1.4,1.02,880.88,7.34,392.85,-366.62,0.0,2364.4900000000002,1347.92,1016.5700000000002,-1,-1,889.22,0.06931338266954973,1.7541768057451481,1.7541768057451481,0.24277932809045774,-570.0600000000001,54614.94,0.016281625503937202
98,2.28,620233,59.46  (+12.00% YoY),1497.0,infosys,23,125816.00,"Attribute
Minority Interest    388.00
Minority Interest    -13.00
Minority Interest    -13.00
Name: First Date, dtype: object",22467.00,75407.0,70881.0,12173.0,6909.0,39186.0,0.0,0.0,33322.0,284.0,2701.00,-1209.00,0.0,51799.0,39186.0,12613.0,-1,-1,33607.0,0.5314704114874909,1.3218751594957383,1.3218751594957383,0.12157850356237092,-12173.0,608059.0,0.05526930774809681
99,0.00,97727,99.77  (+194.86% YoY),2521.0,interglobeaviation,23,59169.82,"Attribute
Minority Interest    0.00
Minority Interest      --
Name: First Date, dtype: object",12727.94,-6252.4,26148.71,11839.69,11558.03,23851.15,0.0,2252.34,-304.39,3131.73,1434.97,-4059.49,591.07,2750.989999999998,21598.81,-18847.820000000003,-1,-1,2828.34,-0.17855963635789707,0.12736766516303435,0.10000180565503367,-0.06397822505551178,-11839.69,85886.31,0.03293120871067811
100,0.42,23893,19.36  (-31.83% YoY),955.7,ipcalaboratories,23,8626.43,"Attribute
Minority Interest    73.30
Minority Interest    -7.67
Name: First Date, dtype: object",805.81,5842.02,5189.27,1853.24,323.32,1805.82,651.78,805.75,745.29,45.54,125.62,-725.00,1743.37,3012.7100000000005,1000.0699999999999,2012.6400000000006,-1,-1,791.8299999999999,0.1453883455036529,3.0124991250612463,1.2692511524193313,0.24450759636713684,-1201.46,22690.54,0.03489692180089147
101,0.47,24617,48.96  (-42.49% YoY),3143.45,jkcement,23,13285.06,"Attribute
Minority Interest    -44.40
Minority Interest      7.25
Minority Interest      7.25
Name: First Date, dtype: object",1377.08,4686.75,3738.25,833.27,70.82,2946.83,4100.97,894.14,631.29,312.18,87.41,-2014.78,982.12,2834.16,2052.69,781.4699999999998,-1,-1,944.47,0.10673677953210625,1.3807053183870919,0.9022502180066156,0.19038672462119674,3267.7000000000003,27883.7,0.033871760203990145
102,0.44,190073,23.08  (-64.24% YoY),776.0,jswsteel,23,211078.00,"Attribute
Minority Interest    1344.00
Minority Interest       5.00
Name: First Date, dtype: object",23323.00,65728.0,68150.0,20714.0,5.0,69963.0,61933.0,16876.0,5201.0,6902.0,1030.00,-10711.00,33135.0,47431.0,53087.0,-5656.0,-1,-1,12104.0,0.09775243694628623,0.8934579087158815,0.26929380074217796,0.345803980575884,41219.0,231291.0,0.05233234323860418
103,0.29,70646,28.11  (-67.34% YoY),698.25,jindalsteelpower,23,69427.23,"Attribute
Minority Interest     312.53
Minority Interest    -800.15
Minority Interest    -800.15
Name: First Date, dtype: object",7275.51,38706.59,15475.68,4716.83,764.86,15498.69,7207.63,5227.66,5855.1,1445.89,57.05,-4018.50,5886.78,9993.99,10271.03,-277.0400000000009,-1,-1,7301.990000000001,0.15728556027403312,0.9730270479202182,0.39988297181490073,0.5478949975936358,2490.8,73135.8,0.09984152767864712
104,0.23,35071,4.08  (-41.93% YoY),530.5,jubilantfoodworks,23,5382.13,"Attribute
Minority Interest    0.00
Minority Interest    0.17
Name: First Date, dtype: object",1026.16,2037.79,685.81,256.91,124.04,1028.96,182.71,0.0,514.85,201.23,50.41,-594.86,177.0,304.8599999999999,1028.96,-724.1000000000001,-1,-1,717.08,0.3651882521300272,0.2962797387653552,0.124261390141502,0.0581047018904508,-74.20000000000002,34995.8,0.020490458855062607
105,0.08,352065,82.11  (+25.03% YoY),1760.05,kotakmahindrabank,23,620429.73,"Attribute
Minority Interest    0.00
Minority Interest      --
Name: First Date, dtype: object",-1242.43,,,,,,,,,,"Attribute
Other Income    25990.97
Other Income    26233.27
Name: First Date, dtype: object",-10550.18,,,,,-1,-1,,,,,,,,
106,1.51,32988,7.62  (+63.38% YoY),- -,ltfinanceholdings,23,106362.14,"Attribute
Minority Interest    89.44
Minority Interest    86.77
Name: First Date, dtype: object",7490.47,21528.37,102677.38,12748.91,14366.2,45551.67,38903.86,44139.59,2130.65,5797.24,526.75,-1106.98,0.0,75562.27,1412.0800000000017,74150.19,-1,-1,7928.889999999999,0.08634980093747846,53.51132372103557,53.51132372103557,0.6526121619983024,26154.95,59141.95,0.13406541380526005
107,0.95,50253,114.15  (+18.65% YoY),4823.95,lttechnologyservices,23,6917.30,"Attribute
Minority Interest    18.00
Minority Interest    -4.30
Name: First Date, dtype: object",1305.10,4950.9,5141.0,689.9,2108.8,1513.9,0.0,0.0,1643.7,43.5,208.00,-571.80,0.0,2342.3,1513.9,828.4000000000001,-1,-1,1688.2,0.39619807556911524,1.5471959838826872,1.5471959838826872,0.09851949137364932,-689.9,49562.1,0.034062317779109445
108,1.14,155190,150.52  (+8.22% YoY),5280.0,ltimindtree,23,23496.10,"Attribute
Minority Interest     7.10
Minority Interest    -2.00
Name: First Date, dtype: object",3094.60,16592.1,17185.8,2932.0,4741.8,5482.6,0.0,125.3,5791.5,150.4,"Attribute
Other Income    556.90
Other Income    556.90
Name: First Date, dtype: object",-330.90,3.3,9512.0,5357.3,4154.7,-1,-1,5942.9,0.43110101991962513,1.7755212513766263,1.7749052694454297,0.106914749661705,-2932.0,152257.0,0.03903203136801592
109,0.78,434139,80.12  (+22.41% YoY),3090.0,larsentoubro,23,330352.31,"Attribute
Minority Interest    14241.27
Minority Interest    -2059.90
Name: First Date, dtype: object",22776.96,89325.95,222204.32,22519.6,35573.42,162065.99,61217.68,57295.7,16973.04,3207.16,2929.17,-8311.70,6828.78,164111.3,104770.29,59341.009999999995,-1,-1,20181.2,0.108899360041157,1.5663915791394678,1.5012129870023267,0.20575426303557154,38698.08,472836.08,0.04268117610652723
110,0.50,21562,10.46  (-32.88% YoY),401.9,lauruslabs,23,7660.40,"Attribute
Minority Interest    11.13
Minority Interest    -3.32
Minority Interest    -3.32
Name: First Date, dtype: object",993.90,4037.53,3461.68,48.46,0.0,2432.26,761.42,1210.55,1108.94,165.17,"Attribute
Other Income    6.00
Other Income    6.00
Name: First Date, dtype: object",-996.06,1684.81,3413.22,1221.7100000000003,2191.5099999999993,-1,-1,1275.1100000000001,0.2139073047656114,2.793805403901089,1.4147465437788014,0.18725211019385957,712.9599999999999,22273.96,0.057246668306848006
111,0.34,52799,21.34  (+144.93% YoY),1151.0,lupin,23,22955.93,"Attribute
Minority Interest     78.32
Minority Interest    -17.61
Name: First Date, dtype: object",1897.24,12464.5,12451.3,1293.13,439.77,9265.37,27.51,4216.54,716.49,274.3,"Attribute
Other Income    73.36
Other Income    73.36
Name: First Date, dtype: object",-1286.77,4491.76,10718.399999999998,5048.830000000001,5669.569999999997,-1,-1,991.79,0.06433752696974848,2.122947296700423,1.233283750888819,0.23607454686641793,-1265.6200000000001,51532.38,0.019245957590159818
112,0.16,45693,"2,909.85  (0.00% YoY)",107320.0,mrf,23,24369.41,"Attribute
Minority Interest     0.16
Minority Interest    -0.01
Minority Interest       --
Name: First Date, dtype: object",2755.47,14707.66,9243.68,258.49,1974.84,7495.32,823.58,1605.92,1069.74,319.0,252.67,-1923.47,4141.05,7010.35,5889.4,1120.9500000000007,-1,-1,1389.74,0.08233705617800456,1.1903334804903727,0.48719733758956774,0.32187993784605956,565.09,46257.09,0.030043826794984296
113,2.34,10986,0.00  (+68.36% YoY),1112.45,mahanagargas,23,6032.31,,969.30,4134.22,2006.22,227.87,1309.82,1561.17,0.0,0.0,1055.54,9.39,111.88,-649.09,33.84,468.53,1561.17,-1092.64,-1,-1,1065.93,0.2728710944999808,0.30011465759654615,0.27843860694222916,0.3763171308938649,-227.87,10757.13,0.09909055668194026
114,2.07,35898,17.74  (-25.70% YoY),291.8,mahindramahindrafinancialservices,23,105084.77,"Attribute
Minority Interest    141.35
Minority Interest      1.20
Name: First Date, dtype: object",-17395.31,18560.09,102348.38,4066.91,10063.13,48586.64,37274.16,44154.4,2816.5,5094.3,"Attribute
Other Income    132.87
Other Income    132.87
Name: First Date, dtype: object",-1635.37,0.0,88218.34,4432.239999999998,83786.1,-1,-1,7911.8,0.08248182320295691,19.9037822861578,19.9037822861578,0.5170229539250097,33207.25,69104.25,0.11449078746965635
115,1.04,193530,93.24  (+24.22% YoY),1540.0,mahindramahindra,23,205891.77,"Attribute
Minority Interest    10716.32
Minority Interest    -1092.98
Name: First Date, dtype: object",-7074.02,56365.79,91325.44,11273.43,14265.92,70579.41,55027.39,33739.62,11305.27,5829.7,"Attribute
Other Income    1206.49
Other Income    1206.49
Name: First Date, dtype: object",-8547.26,16854.97,65786.09000000001,36839.79,28946.30000000001,-1,-1,17135.97,0.12801472171877099,1.785734663525498,1.3282138687544096,0.29125091717046453,43753.96,237282.96,0.07221744873715331
116,2.07,12286,20.20  (+45.64% YoY),145.5,manappuramfinance,23,39504.13,"Attribute
Minority Interest    20.34
Minority Interest    -4.19
Minority Interest    -4.19
Name: First Date, dtype: object",-3103.24,9644.89,38115.43,3035.1,534.01,22944.8,6658.29,21824.65,2041.05,2187.79,65.91,-616.16,0.0,34546.32,1120.1499999999978,33426.17,-1,-1,4229.84,0.12053322725248221,30.84079810739639,30.84079810739639,0.7850309295132671,3623.19,15908.19,0.2658907141541558
117,0.84,69350,10.50  (+9.15% YoY),540.0,marico,23,6946.00,"Attribute
Minority Interest    157.00
Minority Interest    -20.00
Name: First Date, dtype: object",1419.00,3799.0,3820.0,756.0,578.0,2429.0,2.0,473.0,1743.0,56.0,144.00,-929.00,1225.0,2486.0,1956.0,530.0,-1,-1,1800.0,0.511654349061967,1.270961145194274,0.6446830265848671,0.054780100937274694,-754.0,68595.0,0.026240979663240762
118,0.86,314529,321.11  (+118.38% YoY),10349.95,marutisuzukiindia,23,84596.90,"Attribute
Minority Interest    0.00
Minority Interest    0.00
Minority Interest      --
Name: First Date, dtype: object",9251.40,61791.3,11615.6,41.6,0.0,20107.3,0.0,1215.8,10145.7,187.0,"Attribute
Other Income    2140.70
Other Income    2140.70
Name: First Date, dtype: object",-8036.10,4283.5,11574.0,18891.5,-7317.5,-1,-1,10333.7,0.1641168576442655,0.6126564857210915,0.38591430008204747,0.19645660654502448,-41.6,314486.4,0.03285897259786115
119,0.00,31393,11.87  (+41.98% YoY),898.6,maxfinancialservices,23,131823.78,"Attribute
Minority Interest    450.26
Minority Interest    -73.41
Name: First Date, dtype: object",9922.28,3518.24,129612.2,1044.46,5430.88,126491.9,520.66,0.0,527.21,37.46,18.39,-9227.65,0.0,123136.85999999999,126491.9,-3355.040000000008,-1,-1,565.6700000000001,0.18890677388760507,0.9734762463050993,0.9734762463050993,0.11207084381868569,-523.8000000000001,30868.2,0.018325331571001875
120,0.55,7463,27.00  (-19.99% YoY),1487.7,metropolishealthcare,23,1501.61,"Attribute
Minority Interest     2.48
Minority Interest    -0.51
Name: First Date, dtype: object",247.09,988.23,302.73,93.19,13.06,264.97,28.61,50.44,187.5,26.8,15.22,46.79,44.59,196.48000000000002,214.53000000000003,-18.05000000000001,-1,-1,215.3,0.22102680450471726,0.9158625833216799,0.7080128653335198,0.13241725847514405,-64.58,7397.42,0.029104741923535505
121,2.03,46461,86.56  (+9.04% YoY),2483.0,mphasis,23,11609.46,"Attribute
Minority Interest    0.00
Minority Interest      --
Name: First Date, dtype: object",1461.77,7934.84,5953.03,1053.44,1367.88,2797.84,0.0,198.48,2173.06,97.26,161.60,182.48,0.0,3531.71,2599.36,932.3499999999999,-1,-1,2271.32,0.32081334711887777,1.358684445401945,1.358684445401945,0.17078495942833774,-1053.44,45406.56,0.05002184706350801
122,0.89,10998,24.94  (-12.35% YoY),2136.0,multicommodityexchangeindia,23,3022.75,"Attribute
Minority Interest    0.00
Minority Interest      --
Name: First Date, dtype: object",141.42,2069.06,1625.94,1177.86,202.4,897.6,0.0,0.0,195.55,0.21,67.66,-8.08,0.0,245.68000000000015,897.6,-651.9199999999998,-1,-1,196.76000000000002,0.2207809694793537,0.2737076648841356,0.2737076648841356,0.18813056919439897,-1177.86,9819.14,0.02003841476952157
123,1.78,49626,95.03  (-1.14% YoY),1229.0,muthootfinance,23,80148.92,"Attribute
Minority Interest    487.05
Minority Interest    -57.47
Name: First Date, dtype: object",-2804.07,21665.75,79490.95,8035.66,545.71,42278.68,15190.71,40597.46,4922.78,4209.18,77.34,180.97,0.0,70909.57999999999,1681.2200000000012,69228.35999999999,-1,-1,9132.96,0.13156423108271512,42.17745446758897,42.17745446758897,0.4365806230604925,7155.049999999999,56780.05,0.1608480443395171
124,4.39,44047,19.82  (-23.92% YoY),152.3,nmdc,23,28247.71,"Attribute
Minority Interest    14.23
Minority Interest    -1.10
Name: First Date, dtype: object",2465.61,22620.83,15807.21,7097.75,0.0,4201.36,0.0,415.98,6409.34,75.23,768.22,43.29,2660.58,8709.46,3785.3799999999997,4924.08,-1,-1,6485.57,0.406897897366595,2.3008152417987096,1.5979584612377091,0.513561195995187,-7097.75,36948.25,0.17553118212635238
125,3.04,231459,18.41  (+3.78% YoY),236.25,ntpc,23,446021.45,"Attribute
Minority Interest    3930.45
Minority Interest    -208.80
Minority Interest    -208.80
Name: First Date, dtype: object",40051.55,147023.17,81168.33,4948.53,50.0,87485.45,187883.57,31921.61,23550.82,11156.06,"Attribute
Other Income    1770.24
Other Income    1770.24
Name: First Date, dtype: object",-26107.20,14240.37,76169.8,55563.84,20605.960000000006,-1,-1,34707.88,0.09590996259476418,1.3708519785529583,1.1145635362854691,0.6352017851973785,182935.04,414393.04000000004,0.08375594339132722
126,4.70,17595,6.59  (-61.72% YoY),97.55,nationalaluminiumcompany,23,17626.61,"Attribute
Minority Interest    0.00
Minority Interest      --
Name: First Date, dtype: object",908.24,13126.38,5296.81,2117.5,145.58,2885.64,0.0,47.75,1954.99,12.92,235.63,-334.25,1840.22,3033.7300000000005,2837.89,195.8400000000006,-1,-1,1968.91,0.17807505541923715,1.0690090172628257,0.42056246013763765,0.7460289855072463,-2117.5,15476.5,0.1272193325364262
127,0.32,18353,73.08  (+28.59% YoY),3726.25,navinfluorineinternational,23,3529.29,"Attribute
Minority Interest    0.00
Minority Interest      --
Name: First Date, dtype: object",-63.59,2184.95,1466.17,34.81,31.11,521.48,753.13,95.52,495.88,27.52,35.73,-655.62,468.12,1400.2500000000002,425.96000000000004,974.2900000000002,-1,-1,524.4,0.17487053111421605,3.287280495821204,2.1883040661094944,0.11905138124557292,718.3199999999999,19070.32,0.027498227612331623
128,0.35,41763,50.14  (+33.12% YoY),1160.0,oberoirealty,23,18641.00,"Attribute
Minority Interest    0.00
Minority Interest      --
Name: First Date, dtype: object",-2383.04,12210.12,12456.38,512.92,283.66,3287.84,2880.64,1063.45,2003.48,169.05,100.62,1135.66,8543.09,11659.8,2224.3900000000003,9435.41,-1,-1,2173.53,0.1389610447731613,5.24179662738998,1.4011526755649857,0.2923669276632426,2367.72,44129.72,0.04925320169717823
129,6.14,230534,29.33  (-28.32% YoY),184.4,oilnaturalgascorporation,23,614528.73,"Attribute
Minority Interest    20607.74
Minority Interest     2662.87
Minority Interest     2662.87
Name: First Date, dtype: object",84211.33,280647.3,114150.53,29140.33,5168.9,132270.18,98359.55,30826.01,51154.64,7889.36,"Attribute
Other Income    8074.08
Other Income    8074.08
Name: First Date, dtype: object",-73209.00,44238.07,79841.3,101444.17,-21602.869999999995,-1,-1,59045.0,0.15509891932999054,0.7870467075633819,0.3509637862875708,1.2173792152133742,69219.22,299752.22,0.1969793584848179
130,5.41,36043,209.62  (-2.50% YoY),4180.0,oraclefinancialservicessoftware,23,9275.54,"Attribute
Minority Interest    0.00
Minority Interest      --
Name: First Date, dtype: object",1758.42,7458.91,7168.88,5469.74,0.0,1094.13,0.0,0.0,2569.9,12.66,"Attribute
Other Income     24.56
Other Income    191.84
Name: First Date, dtype: object",137.14,0.0,1699.1400000000003,1094.13,605.0100000000002,-1,-1,2583.56,1.2988130727891531,1.552959885936772,1.552959885936772,0.20694476042504786,-5469.74,30572.260000000002,0.08450667369700506
131,0.29,52924,88.99  (+47.19% YoY),3480.0,piindustries,23,8479.70,"Attribute
Minority Interest    0.00
Minority Interest      --
Name: First Date, dtype: object",1501.40,7198.5,5662.3,2242.9,984.3,1181.8,0.0,0.0,1437.5,37.1,159.00,-496.20,1397.6,2435.1000000000004,1181.8,1253.3000000000004,-1,-1,1475.6,0.29776414561304376,2.060500930783551,0.8778981215095621,0.13601579623611215,-2242.9,50680.1,0.02911596464884639
132,0.00,16618,-47.98,1697.9,pvrinox,23,16476.43,"Attribute
Minority Interest    -0.67
Minority Interest     1.33
Minority Interest     1.33
Name: First Date, dtype: object",863.90,7329.85,849.79,361.6,0.21,2051.31,1272.28,520.36,-198.17,571.62,79.08,-575.86,66.37,487.97999999999996,1530.9499999999998,-1042.9699999999998,-1,-1,374.45000000000005,0.04274109137313675,0.31874326398641367,0.2753910970312551,0.44107895053556384,910.68,17527.68,0.021363352137875637
133,0.63,44073,0.00  (-28.67% YoY),39497.95,pageindustries,23,2692.81,,-1.61,1371.05,1964.59,8.1,0.0,1193.6,0.0,248.2,758.1,41.28,14.73,30.78,1595.26,1956.49,945.3999999999999,1011.0900000000001,-1,-1,800.38,0.49677559507184305,2.0694838163740217,0.38209223609054377,0.031108615251968324,-8.1,44063.9,0.01816407535420151
134,0.87,44316,121.97  (+24.16% YoY),5804.95,persistentsystems,23,6619.15,"Attribute
Minority Interest    0.00
Minority Interest      --
Name: First Date, dtype: object",955.76,3965.08,3517.9,903.28,187.97,1958.11,205.76,222.75,1270.51,47.34,"Attribute
Other Income    70.62
Other Income    70.62
Name: First Date, dtype: object",-421.31,0.0,2426.65,1735.36,691.2900000000002,-1,-1,1318.85,0.37786041927507863,1.3983553844735388,1.3983553844735388,0.08947287661341276,-697.52,43617.48,0.030236730778577758
135,4.45,33713,22.80  (-2.08% YoY),226.5,petronetlng,23,22752.49,"Attribute
Minority Interest    0.00
Minority Interest      --
Name: First Date, dtype: object",2569.02,15264.56,11846.97,5685.79,869.7,2900.4,0.0,0.0,4282.18,330.51,523.07,-1192.22,1153.05,5291.48,2900.4,2391.0799999999995,-1,-1,4613.6900000000005,0.4816578746540527,1.8243966349469036,1.4268480209626255,0.45277963990152165,-5685.79,28026.21,0.1646205462672263
136,0.44,126517,27.29  (+3.43% YoY),2456.0,pidiliteindustries,23,10525.02,"Attribute
Minority Interest    233.64
Minority Interest    -15.62
Minority Interest    -15.62
Name: First Date, dtype: object",1557.57,7212.28,4561.52,326.65,531.2,2410.62,0.0,163.26,1716.6,47.64,49.61,-898.95,1817.08,3703.670000000001,2247.3599999999997,1456.3100000000013,-1,-1,1765.24,0.25042808158447644,1.6480092197066787,0.8394694218994737,0.0570064102057431,-326.65,126189.35,0.013988819183235352
137,2.90,23993,103.35  (+31.21% YoY),1060.0,piramalenterprises,23,83752.16,"Attribute
Minority Interest    0.00
Minority Interest    0.00
Minority Interest      --
Name: First Date, dtype: object",1359.34,31059.08,78181.24,4649.08,22331.79,21820.69,29846.17,19537.8,-2464.34,3994.32,"Attribute
Other Income    152.44
Other Income    152.44
Name: First Date, dtype: object",-351.24,0.0,51200.37,2282.8899999999994,48917.48,-1,-1,1530.98,0.020199232208050324,22.4278743172032,22.4278743172032,1.2945058975534531,25197.089999999997,49189.09,0.031124381443120824
138,0.38,78465,96.58  (+37.04% YoY),5238.0,polycabindia,23,9425.48,"Attribute
Minority Interest     37.38
Minority Interest    -12.30
Name: First Date, dtype: object",1427.52,6630.86,6908.75,695.24,1350.5,2626.56,4.21,150.94,1716.52,59.76,"Attribute
Other Income    133.33
Other Income    133.33
Name: First Date, dtype: object",-1202.65,2951.38,4863.01,2475.62,2387.3900000000003,-1,-1,1777.28,0.29179890227344,1.9643604430405315,0.7721823220041849,0.0845072325240553,-691.03,77772.97,0.022852155446808832
139,5.30,82503,51.66  (-2.24% YoY),253.0,powerfinancecorporation,23,896111.86,"Attribute
Minority Interest    27822.79
Minority Interest    -5289.26
Name: First Date, dtype: object",-74698.93,84158.49,886782.94,4101.02,5972.89,783174.34,0.0,751157.52,26496.06,47016.78,"Attribute
Other Income    56.89
Other Income    56.89
Name: First Date, dtype: object",-1693.58,0.0,876709.0299999999,32016.81999999995,844692.21,-1,-1,73513.84,0.08844142716916113,27.38276412210836,27.38276412210836,1.0200658157885167,-4101.02,78400.98,0.9376648098021224
140,7.43,184617,16.36  (-21.98% YoY),197.35,powergridcorporationindia,23,250295.55,"Attribute
Minority Interest    0.00
Minority Interest      --
Name: First Date, dtype: object",38004.74,83014.51,34902.81,7384.58,0.0,38305.81,113891.29,12703.61,17535.17,9633.94,1024.36,-6125.70,1339.95,27518.229999999996,25602.199999999997,1916.0299999999988,-1,-1,27170.11,0.13435595421195312,1.0748384904422277,1.0225011913038722,0.44965799465921336,106506.70999999999,291122.70999999996,0.09332872038735832
141,0.85,83739,4.01  (+48.46% YoY),75.8,punjabnationalbank,23,1493648.94,"Attribute
Minority Interest    459.38
Minority Interest    -10.33
Minority Interest    -10.33
Name: First Date, dtype: object",22592.10,,,,,,,,,,"Attribute
Other Income    12239.59
Other Income    12239.59
Name: First Date, dtype: object",-732.47,,,,,-1,-1,,,,,,,,
142,0.61,14792,17.13  (+103.47% YoY),249.7,rblbank,23,115805.71,"Attribute
Minority Interest    0.00
Minority Interest    0.00
Minority Interest      --
Name: First Date, dtype: object",-11031.25,,,,,,,,,,"Attribute
Other Income    2506.93
Other Income    2506.92
Name: First Date, dtype: object",-233.55,,,,,-1,-1,,,,,,,,
143,4.32,76785,44.36  (-14.29% YoY),293.0,rec,23,465502.75,"Attribute
Minority Interest    0.00
Minority Interest      --
Name: First Date, dtype: object",-37359.77,57528.81,461171.32,2395.61,3170.0,163477.89,243675.63,137114.13,13897.67,23733.33,41.90,-942.95,0.0,455605.71,26363.76000000001,429241.95,-1,-1,37632.0,0.0863271803806801,17.281514852206204,17.281514852206204,0.749219378784919,241280.02000000002,318064.02,0.1183158032147113
144,0.38,1586628,95.71  (-2.47% YoY),2314.45,relianceindustries,23,1607431.00,"Attribute
Minority Interest    113009.00
Minority Interest     -7386.00
Name: First Date, dtype: object",115032.00,715871.0,425296.0,68664.0,118473.0,395744.0,183176.0,130790.0,94022.0,19571.0,"Attribute
Other Income    11734.00
Other Income    11826.00
Name: First Date, dtype: object",-91235.00,140008.0,238159.0,264954.0,-26795.0,-1,-1,113594.0,0.11818267887258589,0.8988692376789933,0.37044543581149936,0.4511901970720295,114512.0,1701139.0,0.06677526057541447
145,0.31,75805,0.00  (+14.36% YoY),794.95,sbicardspaymentservices,23,45545.56,,-6670.51,9830.06,43413.79,1354.47,2139.69,26234.26,7966.75,23142.86,3030.57,1647.63,619.03,-921.44,0.0,39919.63,3091.399999999998,36828.229999999996,-1,-1,4679.200000000001,0.11820579408465794,12.913123503914093,12.913123503914093,0.12967561506496933,6612.28,82416.28,0.05677519053274427
146,0.19,131078,0.00  (+18.91% YoY),1310.0,sbilifeinsurancecompany,23,314686.20,,0.00,13017.48,172696.83,4164.92,0.0,5099.64,0.0,0.0,2054.94,0.0,"Attribute
Other Income    50.60
Other Income    50.60
Name: First Date, dtype: object",0.00,0.0,168531.90999999997,5099.64,163432.26999999996,-1,-1,2055.94,0.23224242479011722,33.04780533527856,33.04780533527856,0.0993109446283892,-4164.92,126912.08,0.016199718734418347
147,0.32,66696,64.56  (-8.94% YoY),2241.0,srf,23,18754.52,"Attribute
Minority Interest    0.00
Minority Interest      --
Name: First Date, dtype: object",2901.71,10327.05,5774.95,616.46,490.05,4916.6,2311.52,2042.54,2823.99,204.82,"Attribute
Other Income    74.93
Other Income    74.93
Name: First Date, dtype: object",-2961.41,2274.29,4668.44,2874.0600000000004,1794.3799999999992,-1,-1,3029.81,0.21542022019744533,1.6243363047396362,0.83302018746999,0.1548376214465635,1695.06,68390.06,0.04430190586175827
148,0.68,64647,2.89  (+80.14% YoY),93.85,samvardhanamothersoninternational,23,61851.70,"Attribute
Minority Interest    1925.40
Minority Interest    -174.00
Minority Interest    -174.04
Name: First Date, dtype: object",4643.00,22451.5,26779.2,4698.7,2.9,27515.4,6618.3,5547.4,2548.0,780.9,"Attribute
Other Income    257.00
Other Income    257.04
Name: First Date, dtype: object",-2244.80,7822.8,22077.6,21968.0,109.59999999999854,-1,-1,3329.9,0.11129902902886173,1.0049890750182082,0.6488892935178441,0.3472937645985119,1919.6000000000004,66565.6,0.05002433689473241
149,0.38,95619,433.33  (-21.10% YoY),26227.95,shreecements,23,26333.94,"Attribute
Minority Interest    40.56
Minority Interest     1.56
Name: First Date, dtype: object",2568.74,18636.4,8967.93,160.93,3397.89,6732.12,580.87,1958.97,1495.04,262.87,459.08,-2414.49,2759.68,5409.110000000001,4773.15,635.960000000001,-1,-1,1758.9099999999999,0.08369660024049133,1.1332369609167952,0.5550695033677971,0.19490268670452526,419.94,96037.94,0.018314741028389404
150,1.92,525080,74.92  (+89.31% YoY),596.9,statebankindia,23,5954418.32,"Attribute
Minority Interest    12836.62
Minority Interest     1191.45
Minority Interest    -2101.71
Name: First Date, dtype: object",-86013.68,,,,,,,,,,"Attribute
Other Income    122533.56
Other Income    122533.56
Name: First Date, dtype: object",-4040.97,,,,,-1,-1,,,,,,69350.54000000001,594429.54,
151,1.69,36596,3.84  (-82.67% YoY),89.2,steelauthorityindia,23,130481.09,"Attribute
Minority Interest    0.01
Minority Interest    0.00
Minority Interest      --
Name: First Date, dtype: object",-5290.15,54746.67,42629.91,550.64,0.0,49334.28,6112.58,19549.2,1988.78,2037.47,950.36,-3370.98,32400.19,42079.270000000004,29785.079999999998,12294.190000000006,-1,-1,4027.25,0.050430258480667074,1.4127633701168507,0.324964042399752,1.4959741501803476,,,
152,1.02,270825,35.16  (+116.89% YoY),1128.0,sunpharmaceuticalindustries,23,80743.59,"Attribute
Minority Interest    3320.09
Minority Interest     -39.36
Minority Interest     -39.36
Name: First Date, dtype: object",4959.33,55995.38,39883.34,5770.29,9372.61,19907.0,0.0,6197.88,9579.88,172.0,634.52,-7943.68,10513.05,24740.439999999995,13709.119999999999,11031.319999999996,-1,-1,9752.88,0.1728530064971766,1.8046701757662051,1.0378047606265024,0.2067585341087418,5561.94,276385.94,0.03528717850119293
153,2.41,24532,45.79  (+1.92% YoY),617.05,suntvnetwork,23,10148.08,"Attribute
Minority Interest     5.58
Minority Interest    -0.51
Name: First Date, dtype: object",2095.51,9271.59,5950.89,598.57,3626.18,823.55,0.0,0.0,2274.63,9.42,377.05,-1553.88,0.0,1726.1400000000008,823.55,902.5900000000008,-1,-1,2285.05,0.2634664741923805,2.0959747434885565,2.0959747434885565,0.3779386107940649,-5770.29,18760.71,0.12179976130967327
154,0.06,31566,12.03  (+23.07% YoY),786.2,syngeneinternational,23,5831.00,"Attribute
Minority Interest    0.00
Minority Interest      --
Name: First Date, dtype: object",823.50,3618.0,2425.3,531.7,824.4,1188.2,489.0,86.3,593.6,45.2,70.90,-656.40,332.8,1069.2000000000003,1101.9,-32.69999999999982,-1,-1,639.8000000000001,0.17473235743937077,0.9703239858426356,0.668300208730375,0.11461699296711651,-598.57,30966.43,0.0206610836315326
155,0.32,73650,30.68  (+35.88% YoY),1567.0,tvsmotorcompany,23,35232.91,"Attribute
Minority Interest    404.85
Minority Interest     19.21
Name: First Date, dtype: object",-4404.83,5505.0,17007.23,1879.11,191.92,19218.7,9064.08,12562.15,1978.63,1367.89,138.00,-1307.74,1921.51,14936.199999999999,6656.550000000001,8279.649999999998,-1,-1,3347.5200000000004,0.1325639193857783,2.2438350196423067,1.9551704711900304,0.07474541751527494,-42.700000000000045,73606.3,0.04547871581644507
156,1.69,26395,88.71  (+45.13% YoY),1042.0,tatachemicals,23,35084.00,"Attribute
Minority Interest     921.00
Minority Interest    -117.00
Name: First Date, dtype: object",2971.00,19721.0,8164.0,665.0,1270.0,4904.0,5540.0,543.0,2742.0,406.0,218.00,-1186.00,2532.0,6229.0,4361.0,1868.0,-1,-1,3149.0,0.12526353474680774,1.4283421233662004,0.8477413437285026,0.7471490812653911,7184.97,33578.97,0.09377893365996634
157,1.15,52252,57.33  (-5.52% YoY),1839.5,tatacommunications,23,20552.62,"Attribute
Minority Interest    30.34
Minority Interest    -4.91
Name: First Date, dtype: object",4384.35,1518.26,5810.99,1062.57,759.56,9785.94,5008.58,2524.9,1987.11,432.46,363.15,-1841.63,160.0,3988.86,7261.040000000001,-3272.1800000000007,-1,-1,2420.5699999999997,0.3029814110852566,0.5493510571488381,0.5273156462435132,0.029056495445150425,4875.0,57126.0,0.04237247488008962
158,3.19,1320881,119.55  (+10.48% YoY),3650.0,tataconsultancyservices,23,143651.00,"Attribute
Minority Interest     782.00
Minority Interest    -156.00
Name: First Date, dtype: object",41965.00,90424.0,110270.0,11032.0,36897.0,43558.0,0.0,0.0,56907.0,779.0,3449.00,39.00,28.0,62341.0,43558.0,18783.0,-1,-1,57687.0,0.7266097339782346,1.431218145920382,1.4305753248542175,0.06845734021459919,3946.01,1324826.01,0.04354307627157773
159,0.95,82533,13.62  (+24.76% YoY),895.0,tataconsumerproducts,23,22811.13,"Attribute
Minority Interest     850.17
Minority Interest    -116.37
Name: First Date, dtype: object",1461.29,16276.71,8308.58,2796.94,754.74,3924.68,206.12,976.7,1634.11,87.16,168.88,-827.82,2701.67,4756.9,2947.9799999999996,1808.92,-1,-1,1722.27,0.1174601485822082,1.6136133895073916,0.6971655167267078,0.19721456871796736,-11032.0,71500.0,0.024087692307692306
160,0.32,210635,31.98  (+202.08% YoY),633.0,tatamotors,23,336081.38,"Attribute
Minority Interest    7277.72
Minority Interest    -275.58
Name: First Date, dtype: object",35388.01,45319.33,151528.47,37015.56,18838.31,155027.33,88695.81,36964.66,1467.02,10225.48,"Attribute
Other Income    4633.19
Other Income    4633.18
Name: First Date, dtype: object",-16804.16,40755.39,95674.6,118062.66999999998,-22388.069999999978,-1,-1,11693.5,0.08728821960248496,0.8103713053414768,0.46516998133279563,0.21515574334749688,-2590.82,208043.18,0.05620708162603552
161,0.79,81146,11.00  (+63.88% YoY),255.2,thetatapowercompany,23,128349.04,"Attribute
Minority Interest    5416.69
Minority Interest    -473.23
Name: First Date, dtype: object",7159.13,28787.43,39525.0,11206.53,1149.6,45328.12,30708.49,18265.94,1333.49,4371.65,"Attribute
Other Income    1438.02
Other Income    1438.02
Name: First Date, dtype: object",-7375.25,3942.88,27168.870000000003,27062.180000000004,106.68999999999869,-1,-1,5706.139999999999,0.08573528220805154,1.003942402275057,0.8582453446100794,0.3547609247529145,51680.25,132825.25,0.04295975351072179
162,2.88,152708,1.33  (-95.84% YoY),126.0,tatasteel,23,288021.74,"Attribute
Minority Interest    2093.11
Minority Interest     685.05
Name: First Date, dtype: object",21683.08,103082.1,86665.54,13357.26,3630.06,97295.13,51446.33,26571.37,17703.74,6298.7,"Attribute
Other Income    1037.48
Other Income    1037.48
Name: First Date, dtype: object",-18679.84,54415.33,69678.22,70723.76000000001,-1045.5400000000081,-1,-1,24003.440000000002,0.1430969150699638,0.9852165665400142,0.2158099343134471,0.6750275034706761,19501.96,172208.96,0.1393855464895671
163,4.06,120143,45.02  (-26.01% YoY),1230.1,techmahindra,23,46153.30,"Attribute
Minority Interest    470.20
Minority Interest    -25.70
Name: First Date, dtype: object",5572.00,27923.2,24432.7,4254.7,2783.2,14551.4,128.8,1449.4,6474.5,325.6,965.00,-278.50,23.6,17394.8,13102.0,4292.799999999999,-1,-1,6801.1,0.26938570189371286,1.3276446344069608,1.3258433826896658,0.2324163704918306,38089.07,158231.07,0.04298207678175974
164,0.20,23237,11.85  (-65.81% YoY),950.05,theramcocements,23,14594.74,"Attribute
Minority Interest     7.00
Minority Interest    -0.23
Name: First Date, dtype: object",1411.50,6861.06,1886.87,170.33,0.0,3088.09,3622.16,865.26,471.98,240.52,32.93,-1694.13,883.61,1716.54,2222.83,-506.28999999999996,-1,-1,713.5,0.06382988240451237,0.7722317946041758,0.37471601516985104,0.29526444893919185,-4125.9,19110.1,0.03733627767515607
165,0.30,291238,36.25  (+9.81% YoY),3289.7,titancompany,23,27023.00,"Attribute
Minority Interest     53.00
Minority Interest    -24.00
Name: First Date, dtype: object",1370.00,11851.0,22407.0,1343.0,2164.0,13264.0,0.0,7494.0,4446.0,300.0,308.00,-1811.00,16584.0,18900.0,5770.0,13130.0,-1,-1,4747.0,0.2636929230085546,3.2755632582322356,0.40138648180242636,0.04069180532760148,3451.83,294688.83,0.0161085169057816
166,1.17,63814,37.23  (-21.34% YoY),1875.45,torrentpharmaceuticals,23,15011.85,"Attribute
Minority Interest    0.00
Minority Interest    0.00
Minority Interest      --
Name: First Date, dtype: object",2368.13,6198.07,5329.18,571.46,156.09,5447.3,2496.22,2801.08,1847.16,333.44,"Attribute
Other Income    45.14
Other Income    45.00
Name: First Date, dtype: object",-2415.31,2229.64,4601.63,2646.2200000000003,1955.4099999999999,-1,-1,2181.6,0.19970871235665616,1.7389446077801543,0.8963691605384284,0.09712711944087504,-1343.0,62470.0,0.034922362734112374
167,0.10,74699,13.72  (+34.39% YoY),2058.45,trent,23,8081.53,"Attribute
Minority Interest    67.48
Minority Interest    51.00
Minority Interest    51.00
Name: First Date, dtype: object",594.88,2595.49,2377.78,86.3,545.74,1093.98,497.95,0.0,471.66,369.22,"Attribute
Other Income    260.92
Other Income    260.92
Name: First Date, dtype: object",-102.64,1361.16,1745.74,1093.98,651.76,-1,-1,841.8800000000001,0.27996036100746896,1.595769575312163,0.35154207572350493,0.03474598053521466,1924.7599999999998,76622.76,0.010987335877747032
168,1.59,47119,38.09  (-25.33% YoY),625.9,upl,23,88577.00,"Attribute
Minority Interest    5585.00
Minority Interest    -844.00
Minority Interest    -844.00
Name: First Date, dtype: object",7751.00,26858.0,42028.0,6097.0,46.0,29037.0,20144.0,2855.0,5163.0,2963.0,477.00,-1490.00,13985.0,35885.0,26182.0,9703.0,-1,-1,8127.0,0.18571755027422304,1.370598120846383,0.8364525246352456,0.5700036078864152,411.65,47529.65,0.17098800432992878
169,0.46,240851,179.03  (-28.45% YoY),8195.95,ultratechcement,23,91386.96,"Attribute
Minority Interest    55.63
Minority Interest    -9.44
Minority Interest    -9.44
Name: First Date, dtype: object",9068.51,54324.54,20742.9,1149.59,5836.6,23431.79,5356.41,4544.37,7412.22,822.72,"Attribute
Other Income    503.08
Other Income    503.08
Name: First Date, dtype: object",-7187.07,6611.83,13756.710000000001,18887.420000000002,-5130.710000000001,-1,-1,8235.94,0.13057225021414734,0.7283530519255673,0.37828777037837885,0.22555247850330704,14047.0,254897.0,0.032310854972792936
170,0.47,41776,10.52  (-44.00% YoY),1593.65,unitedbreweries,23,6280.39,"Attribute
Minority Interest     4.61
Minority Interest    -0.70
Name: First Date, dtype: object",-119.57,3964.89,3686.45,395.29,0.0,2277.46,0.0,0.0,450.43,4.64,49.43,-120.83,1427.81,3291.16,2277.46,1013.6999999999998,-1,-1,456.07,0.12776501568803228,1.4451011214247451,0.8181702422874605,0.09490832056683263,4206.82,45981.82,0.009918485175227948
171,0.00,76397,18.52  (+29.46% YoY),1036.7,unitedspirits,23,9761.50,"Attribute
Minority Interest     0.00
Minority Interest    10.50
Name: First Date, dtype: object",614.70,5999.5,6234.6,883.3,255.8,3624.3,0.3,0.8,1103.6,103.9,73.10,-53.20,2230.0,5095.5,3623.5,1472.0,-1,-1,1208.5,0.23615969358841576,1.4062370636125294,0.7908099903408307,0.07853057057214288,-395.29,76000.71,0.01590116723909553
172,44.59,84622,23.65  (-53.69% YoY),222.4,vedanta,23,196356.00,"Attribute
Minority Interest    10004.00
Minority Interest    -3929.00
Name: First Date, dtype: object",33065.00,39425.0,60507.0,9254.0,12636.0,88026.0,43474.0,22706.0,20493.0,6225.0,"Attribute
Other Income    2851.00
Other Income    2851.00
Name: First Date, dtype: object",-693.00,15012.0,38617.0,65320.0,-26703.0,-1,-1,26719.0,0.27730900561488725,0.5911971830985916,0.3613747703612982,0.4658953936328614,-883.0,83738.0,0.31907855453915784
173,0.00,57685,-6.13,11.2,vodafoneidealimited,23,207242.70,"Attribute
Minority Interest    0.00
Minority Interest      --
Name: First Date, dtype: object",18868.70,-74359.1,13902.9,855.4,0.0,60022.7,935.1,12295.9,-29275.7,23354.3,311.30,-5413.60,16.3,13047.5,47726.799999999996,-34679.299999999996,-1,-1,-5920.4000000000015,0.0955157420926537,0.27337889822908723,0.2730373710368179,-1.2890543468839388,34220.0,91904.0,-0.06441939415041785
174,0.49,28545,4.70  (-68.35% YoY),856.15,voltas,23,10279.01,"Attribute
Minority Interest    41.65
Minority Interest    -1.21
Name: First Date, dtype: object",159.38,5452.07,6446.49,708.38,307.16,4619.54,21.15,594.82,671.61,29.59,168.45,-81.60,1591.97,5430.95,4024.72,1406.23,-1,-1,702.2,0.1310157733886105,1.3493982190065397,0.9538502057285972,0.19099912418987564,79.70000000000005,28623.7,0.024532118489223965
175,0.24,219919,22.32  (+5.94% YoY),409.0,wipro,23,117133.70,"Attribute
Minority Interest     58.90
Minority Interest    -16.50
Name: First Date, dtype: object",13060.10,77667.9,66109.6,9188.0,30923.2,26775.3,6127.2,8882.1,14771.4,1007.7,2265.70,-8406.50,118.8,25998.400000000005,17893.199999999997,8105.200000000008,-1,-1,15780.1,0.18900768003526205,1.4529765497507439,1.446337156014576,0.35316593836821736,-687.23,219230.77,0.07197940325621263
176,0.00,24940,-1.17,262.0,zeeentertainmententerprises,23,13728.35,"Attribute
Minority Interest    0.00
Minority Interest    0.00
Minority Interest      --
Name: First Date, dtype: object",129.05,10721.87,11391.83,804.02,0.0,2653.56,4.0,1.89,803.65,70.24,"Attribute
Other Income    79.72
Other Income    79.72
Name: First Date, dtype: object",-201.58,7307.89,10587.81,2651.67,7936.139999999999,-1,-1,874.89,0.08816131821268998,3.992883729875889,1.2369261635120505,0.4299065757818765,-3060.8,21878.2,0.03998912159135578
177,1.00,60717,24.98  (-42.11% YoY),603.3,zyduslifesciences,23,25756.40,"Attribute
Minority Interest    2172.50
Minority Interest    -131.60
Name: First Date, dtype: object",2688.80,17515.8,10016.4,573.1,619.3,5530.7,0.0,1163.2,3193.9,129.9,"Attribute
Other Income    186.60
Other Income    186.60
Name: First Date, dtype: object",1171.20,3413.3,8824.0,4367.5,4456.5,-1,-1,3324.8,0.18363075019744945,2.0203777904979967,1.2388551803091012,0.28848263254113343,-800.02,59915.98,0.05549103928534591
178,1.84,71282,156.09  (+20.03% YoY),1907.05,shriramfinance,23,210600.15,"Attribute
Minority Interest    286.68
Minority Interest     -8.99
Minority Interest     -8.99
Name: First Date, dtype: object",-17625.25,43512.86,203615.69,16306.95,7430.07,80535.29,85657.49,78544.75,8213.72,12931.27,"Attribute
Other Income    31.61
Other Income    31.61
Name: First Date, dtype: object",-193.04,0.0,179878.66999999998,1990.5399999999936,177888.13,-1,-1,21145.989999999998,0.1104759123370661,90.36676982125482,90.36676982125482,0.6104326477932718,-573.1,70707.9,0.29906120815354437
