,Unnamed: 0,Stock,Dividend Yield,Mkt Cap (Rs. Cr.),TTM EPS See historical trend,Open,Open.1,Year,Total Assets,Minority Interest,Net CashFlow From Operating Activities,Total Shareholders Funds,Total Current Assets,Cash And Cash Equivalents,Current Investments,Total Current Liabilities,Long Term Borrowings,Short Term Borrowings,"Profit/Loss Before Exceptional, ExtraOrdinary Items And Tax",Finance Costs,Other Income,Net Cash Used In Investing Activities,Inventories,Current Assets,Current Liabilities,Working Capital,Minority Interest Balance Sheet,Other Income PnL,EBIT,ROC,BookToMkt,Net Debt,TEV,EarningYield,Rank EarningYield,Rank ROC,CombRank,MagicFormulaRank,CombinedRank,Current_Ratio,Quick_Ratio
0,0,acc,0.47,37178,38.74  (-46.24% YoY),2006.0,- -,23,20543.77,"Attribute
Minority Interest     3.48
Minority Interest    -0.14
Minority Interest    -0.11
Name: First Date, dtype: object",-1235.08,14138.47,8255.15,414.71,0.0,5641.01,0.0,0.0,1348.22,77.28,"Attribute
Other Income    341.89
Other Income    222.74
Name: First Date, dtype: object",-4637.3,1624.2,7840.44,5641.01,2199.4299999999994,3.48,341.89,1083.61,0.0789586818772697,0.3802913013072246,-414.71,36766.77,0.0294725372938661,77.0,128.0,300.0,123.0,113.0,1.3899000356319169,1.1019728736520586
1,1,aartiindustries,0.49,18403,13.24  (-63.95% YoY),511.95,- -,23,8580.9,"Attribute
Minority Interest    0.72
Minority Interest    0.00
Minority Interest      --
Name: First Date, dtype: object",1309.8,4920.06,2459.28,200.73,0.0,2783.34,634.71,2239.32,611.1,168.28,"Attribute
Other Income    0.86
Other Income    1.00
Name: First Date, dtype: object",-1329.78,1031.05,2258.55,544.02,1714.5300000000002,0.72,0.86,778.52,0.1025264178176722,0.2673509753844482,,,,148.0,107.0,,138.0,,4.151593691408404,2.2563508694533296
2,2,adanienterprises,0.05,281614,23.49  (+174.78% YoY),2502.4,- -,23,141487.82,"Attribute
Minority Interest    4839.04
Minority Interest      51.34
Minority Interest      51.34
Name: First Date, dtype: object",17626.46,31873.89,37121.73,5373.69,165.0,44803.05,32590.03,5729.59,3619.22,3969.98,"Attribute
Other Income    1197.36
Other Income    1197.36
Name: First Date, dtype: object",-16860.09,6918.05,31583.040000000005,39073.46000000001,-7490.420000000002,4839.04,1197.36,6391.84,0.09860934510463,0.1131829028386372,433.98,286887.02,0.0222799902205404,90.0,110.0,340.0,120.0,124.0,0.8082990346900428,0.6312466313451637
3,3,adaniportsspecialeconomiczone,0.61,176710,29.01  (+35.56% YoY),832.0,- -,23,114905.13,"Attribute
Minority Interest    1338.51
Minority Interest     -82.57
Minority Interest     -82.57
Name: First Date, dtype: object",11933.25,45583.58,17447.52,4248.78,4028.69,12924.56,46516.94,4001.49,6714.73,2362.64,"Attribute
Other Income    1553.48
Other Income    1553.48
Name: First Date, dtype: object",-16938.8,451.97,9170.05,8923.07,246.98000000000135,1338.51,1553.48,7523.889999999999,0.0819120895367533,0.2579569916812857,-1937.06,176111.45,0.0427223215753433,57.0,122.0,262.0,103.0,96.0,1.0276788145783906,0.9770269649347142
4,4,adityabirlacapital,0.0,46815,19.30  (+154.42% YoY),182.5,- -,23,180754.05,"Attribute
Minority Interest    1509.32
Minority Interest     -28.30
Minority Interest     -28.30
Name: First Date, dtype: object",-24028.59,20309.57,174024.63,2315.86,45573.25,58215.2,30505.3,53815.47,5362.66,4722.0,"Attribute
Other Income    2785.68
Other Income    2785.68
Name: First Date, dtype: object",-2649.87,0.0,126135.52000000002,4399.729999999996,121735.79000000002,1509.32,2785.68,7298.98,0.0713386805073924,0.4338261241055217,27216.34,75540.66,0.0966231960377364,25.0,129.0,295.0,83.0,112.0,28.668922865721335,28.668922865721335
5,5,adityabirlafashionretail,0.0,21098,-2.90,223.5,- -,23,17041.28,"Attribute
Minority Interest     2.71
Minority Interest    23.47
Minority Interest    23.47
Name: First Date, dtype: object",636.2,3343.29,7170.05,701.06,182.43,7087.51,1507.62,797.9,-89.28,472.36,"Attribute
Other Income    116.46
Other Income    116.46
Name: First Date, dtype: object",-387.23,4214.38,6286.56,6289.610000000001,-3.0500000000010914,2.71,116.46,266.62000000000006,0.0538871204082664,0.1584647833917906,42268.16,63368.87,0.0042074286633168,129.0,137.0,408.0,143.0,133.0,0.9995150732716337,0.32946080917576764
6,6,alkemlaboratories,1.36,44063,95.62  (-12.41% YoY),3659.85,- -,23,13756.65,"Attribute
Minority Interest    389.71
Minority Interest    -22.64
Minority Interest    -22.64
Name: First Date, dtype: object",1682.5,9045.29,8729.68,2616.89,317.21,3707.15,70.33,1326.35,1407.75,107.36,"Attribute
Other Income    216.08
Other Income    216.08
Name: First Date, dtype: object",112.84,2607.53,5795.580000000001,2380.8,3414.7800000000007,389.71,216.08,1299.03,0.1660085264304006,0.2052808478769035,28189.44,72642.15000000001,0.0178825929573945,102.0,64.0,211.0,95.0,61.0,2.4342993951612906,1.3390667002688175
7,7,ambujacements,0.58,85015,10.47  (-12.18% YoY),436.5,- -,23,51721.46,"Attribute
Minority Interest    7058.35
Minority Interest    -440.98
Minority Interest    -322.62
Name: First Date, dtype: object",734.92,31698.2,19249.37,2961.04,0.0,11513.67,34.22,13.49,4020.51,194.9,"Attribute
Other Income    737.71
Other Income    456.74
Name: First Date, dtype: object",-14480.75,3272.79,16288.329999999998,11500.18,4788.149999999998,7058.35,737.71,3477.7,0.1208169430676601,0.3728542021996118,806.56,92879.91,0.0374429734051206,64.0,90.0,238.0,84.0,79.0,1.416354352714479,1.1317683723211287
8,8,apollohospitalsenterprises,0.3,71983,46.50  (-24.32% YoY),5051.45,- -,23,14427.8,"Attribute
Minority Interest    333.90
Minority Interest    -25.20
Minority Interest    -25.50
Name: First Date, dtype: object",1376.7,6197.4,4337.0,775.8,292.2,3324.9,1937.6,772.7,1143.7,380.8,"Attribute
Other Income    90.30
Other Income    90.34
Name: First Date, dtype: object",-870.6,390.1,3269.0,2552.2,716.8000000000002,333.9,90.3,1434.2,0.1763671466692901,0.0860953280635705,-2546.56,69770.34,0.0205560127698962,95.0,59.0,274.0,85.0,101.0,1.2808557323093803,1.128007209466343
9,9,apollotyres,1.19,24067,20.64  (+86.87% YoY),370.0,- -,23,27359.21,"Attribute
Minority Interest    0.00
Minority Interest    0.00
Minority Interest      --
Name: First Date, dtype: object",2134.39,12877.78,8858.71,846.23,401.69,8010.39,3789.84,1797.81,1404.37,531.24,"Attribute
Other Income    41.09
Other Income    41.09
Name: First Date, dtype: object",-476.14,4428.46,7610.79,6212.58,1398.21,0.0,41.09,1894.52,0.1075258808572466,0.5350804005484688,-2926.82,21140.18,0.0896170231284691,26.0,101.0,174.0,56.0,43.0,1.2250610857324977,0.5122396814206014
10,10,ashokleyland,1.43,53511,"6.06  (+10,769.01% YoY)",183.25,- -,23,54728.53,"Attribute
Minority Interest    2244.81
Minority Interest    -120.85
Minority Interest    -120.85
Name: First Date, dtype: object",-4499.26,8553.93,24243.44,2186.72,3511.34,22454.95,19502.86,11417.58,2209.95,2093.5,"Attribute
Other Income    110.77
Other Income    110.77
Name: First Date, dtype: object",-2934.96,3440.43,18545.38,11037.37,7508.009999999997,2244.81,110.77,4192.679999999999,0.1124415188406885,0.1598536749453383,1161.8,56917.61,0.0736622637528174,31.0,98.0,172.0,59.0,40.0,1.680235418401304,1.3685280098429244
11,11,asianpaints,0.8,308320,48.37  (+33.36% YoY),3206.3,- -,23,25798.0,"Attribute
Minority Interest    453.66
Minority Interest    -88.88
Minority Interest    -88.88
Name: First Date, dtype: object",4193.43,15992.23,16535.16,843.82,2697.0,7895.93,76.15,896.06,5643.85,144.45,"Attribute
Other Income    386.48
Other Income    386.48
Name: First Date, dtype: object",-1274.64,6210.64,12994.34,6999.870000000001,5994.469999999999,453.66,386.48,5401.82,0.3350876082929812,0.0518689348728593,2943.61,311717.27,0.0173292291440894,104.0,21.0,192.0,52.0,52.0,1.856368761134135,0.9691179979056752
12,12,astrallimited,0.18,50842,18.20  (-26.66% YoY),1909.8,- -,23,4373.1,"Attribute
Minority Interest    247.70
Minority Interest    -15.90
Minority Interest    -15.90
Name: First Date, dtype: object",556.9,2711.2,2249.2,682.1,0.0,1333.7,31.6,45.7,618.5,40.0,"Attribute
Other Income    26.70
Other Income    26.70
Name: First Date, dtype: object",-479.7,874.6,1567.1,1288.0,279.0999999999999,247.7,26.7,631.8,0.2999430307633878,0.0533259903229613,17316.14,68405.84,0.0092360535299325,121.0,25.0,279.0,75.0,104.0,1.216692546583851,0.5376552795031055
13,13,atul,0.45,21099,153.46  (-24.88% YoY),7182.0,- -,23,5767.98,"Attribute
Minority Interest    48.04
Minority Interest     7.46
Minority Interest     7.46
Name: First Date, dtype: object",706.69,4671.38,2090.97,52.03,189.57,840.23,28.71,18.27,684.01,7.9,"Attribute
Other Income    114.87
Other Income    114.87
Name: First Date, dtype: object",-469.36,820.72,1849.37,821.96,1027.41,48.04,114.87,577.04,0.1236603497823771,0.2214029100905256,-767.6700000000001,20379.370000000003,0.0283149086551743,79.0,87.0,264.0,96.0,97.0,2.249951335831427,1.25145992505718
14,14,aurobindopharma,0.34,52149,33.75  (-17.56% YoY),894.6,- -,23,39889.99,"Attribute
Minority Interest    12.00
Minority Interest    -0.15
Minority Interest    -0.15
Name: First Date, dtype: object",2386.75,26839.85,21545.67,6084.2,151.0,11493.78,618.96,4242.56,2624.17,140.48,"Attribute
Other Income    290.59
Other Income    290.59
Name: First Date, dtype: object",-3977.75,8511.23,15310.469999999998,7251.22,8059.249999999997,12.0,290.59,2474.06,0.0965781934538436,0.5146762162265816,-650.5,51510.5,0.0480302074334359,52.0,113.0,279.0,93.0,105.0,2.111433662197533,0.9376684199348521
15,15,bajajauto,2.7,146655,231.17  (+8.61% YoY),5176.0,- -,23,35136.45,"Attribute
Minority Interest    0.01
Minority Interest    0.00
Minority Interest      --
Name: First Date, dtype: object",5277.42,29361.54,9650.4,690.48,4581.35,5270.74,0.0,0.0,7312.69,39.51,"Attribute
Other Income    1187.52
Other Income    1187.52
Name: First Date, dtype: object",1199.52,1563.55,4378.57,5270.74,-892.1700000000001,0.01,1187.52,6164.68,0.2150140245948353,0.200208243837578,-23.32,146631.69,0.0420419351369407,58.0,46.0,128.0,34.0,20.0,0.8307315481317613,0.5340843980162178
16,16,bajajfinance,0.4,456802,203.80  (+42.69% YoY),7488.65,- -,23,275228.67,"Attribute
Minority Interest    0.00
Minority Interest    0.00
Minority Interest      --
Name: First Date, dtype: object",-42140.4,54371.98,271593.53,4304.52,22751.84,84954.14,135141.09,81549.4,15526.19,12559.89,"Attribute
Other Income    8.31
Other Income    8.31
Name: First Date, dtype: object",-10365.25,0.0,244537.17,3404.740000000005,241132.43,0.0,8.31,28077.77,0.1052556071899638,0.1190274560969523,-5465.24,451336.76,0.0622102440758426,37.0,104.0,248.0,70.0,86.0,71.8225679493881,71.8225679493881
17,17,bajajfinserv,0.26,247420,44.26  (+40.06% YoY),1554.9,- -,23,405509.19,"Attribute
Minority Interest    31190.74
Minority Interest    -5792.26
Minority Interest    -5792.26
Name: First Date, dtype: object",-39479.54,46407.34,398596.91,5377.22,136175.73,193883.81,129891.88,81549.4,16809.94,12201.42,"Attribute
Other Income    0.77
Other Income    0.77
Name: First Date, dtype: object",-13945.21,0.0,257043.96,112334.41,144709.55,31190.74,0.77,29010.59,0.114906440887958,0.1875650311211704,,,,148.0,95.0,,134.0,,2.2882032317613095,2.2882032317613095
18,18,balkrishnaindustries,0.63,49302,55.99  (-23.34% YoY),2503.9,- -,23,12347.66,"Attribute
Minority Interest    0.00
Minority Interest    0.00
Minority Interest      --
Name: First Date, dtype: object",1447.97,7556.93,3927.95,76.33,774.6,3349.27,1038.09,2303.66,1434.79,48.04,"Attribute
Other Income    346.53
Other Income    346.53
Name: First Date, dtype: object",-1783.09,1667.37,3077.02,1045.61,2031.41,0.0,346.53,1136.3,0.1049956802358083,0.1532783659892093,-690.48,48611.52,0.0233751176675816,87.0,105.0,271.0,114.0,100.0,2.9427989403314814,1.3481604039747135
19,19,balrampurchinimills,0.57,8892,17.11  (-12.74% YoY),437.0,- -,23,5428.52,"Attribute
Minority Interest    0.00
Minority Interest    0.00
Minority Interest      --
Name: First Date, dtype: object",452.92,2895.58,2577.74,11.9,61.25,1964.43,428.75,1449.87,396.68,48.65,"Attribute
Other Income    62.79
Other Income    62.79
Name: First Date, dtype: object",-858.75,2318.92,2504.59,514.5600000000002,1990.0299999999995,0.0,62.79,382.54,0.0803267328811708,0.3256387764282501,130836.57,139728.57,0.0027377364557584,134.0,126.0,346.0,141.0,126.0,4.867440143034824,0.3608325559701493
20,20,bataindia,0.81,21438,24.16  (+6.40% YoY),1673.05,- -,23,3271.66,"Attribute
Minority Interest    0.00
Minority Interest    0.00
Minority Interest      --
Name: First Date, dtype: object",628.82,1438.21,1613.51,531.2,0.0,822.44,0.0,0.0,429.84,107.85,"Attribute
Other Income    38.69
Other Income    38.69
Name: First Date, dtype: object",438.53,904.56,1082.31,822.44,259.8699999999999,0.0,38.69,499.0,0.5501593146712825,0.0670869484093665,124514.66,145952.66,0.003418916791239,132.0,6.0,204.0,68.0,58.0,1.3159744175866932,0.2161251884635961
21,21,bergerpaintsindia,0.43,72575,9.89  (+1.58% YoY),739.85,- -,23,7967.17,"Attribute
Minority Interest     8.14
Minority Interest    -0.98
Minority Interest    -0.98
Name: First Date, dtype: object",975.97,4494.12,4164.45,244.69,52.96,2974.55,7.77,759.88,1175.51,99.23,"Attribute
Other Income    51.57
Other Income    51.57
Name: First Date, dtype: object",-600.25,2319.12,3866.8,2214.67,1652.1299999999997,8.14,51.57,1223.17,0.243801175185566,0.0619238029624526,961.76,73544.9,0.0166316087179396,106.0,36.0,246.0,74.0,84.0,1.7459937597926554,0.6988309770755915
22,22,bharatelectronics,1.31,100071,4.32  (-61.59% YoY),140.0,- -,23,35491.17,"Attribute
Minority Interest    17.75
Minority Interest    -1.82
Minority Interest    -1.82
Name: First Date, dtype: object",1266.86,13861.63,30047.74,8111.58,0.0,20565.78,0.0,0.0,3922.91,14.95,"Attribute
Other Income    280.80
Other Income    280.80
Name: First Date, dtype: object",2690.84,6448.04,21936.160000000003,20565.78,1370.3800000000049,17.75,280.8,3657.06,0.63600490430518,0.1385179522538997,416.85,100505.6,0.0363866292027508,66.0,5.0,117.0,12.0,19.0,1.0666339910278144,0.753101511345546
23,23,bharatforge,0.62,52530,15.09  (-35.69% YoY),1119.9,- -,23,18384.19,"Attribute
Minority Interest    36.07
Minority Interest    19.98
Minority Interest    19.98
Name: First Date, dtype: object",1294.47,6705.53,9002.02,1039.52,1050.06,8276.86,1751.27,5101.06,906.17,298.62,"Attribute
Other Income    172.86
Other Income    172.86
Name: First Date, dtype: object",-1671.33,3126.25,6912.4400000000005,3175.8,3736.64,36.07,172.86,1031.9299999999998,0.082433453636824,0.1276514372739386,,,,148.0,121.0,,144.0,,2.1765980225455004,1.1922003904527994
24,24,bharatheavyelectricals,0.32,43038,0.92  (-54.59% YoY),126.0,- -,23,59369.79,"Attribute
Minority Interest    0.00
Minority Interest    0.00
Minority Interest      --
Name: First Date, dtype: object",-741.52,26828.03,30082.28,6642.58,0.0,23351.45,0.0,5385.0,423.42,521.43,"Attribute
Other Income    488.63
Other Income    488.63
Name: First Date, dtype: object",1480.46,6755.9,23439.7,17966.45,5473.249999999996,0.0,488.63,456.2199999999999,0.017841688355113,0.6233568009665876,,,,148.0,148.0,,155.0,,1.3046372544381333,0.9286086010313669
25,25,bharatpetroleumcorporation,1.13,76477,87.23  (+598.12% YoY),354.0,- -,23,188108.77,"Attribute
Minority Interest    0.00
Minority Interest    0.00
Minority Interest      --
Name: First Date, dtype: object",12465.6,53522.36,56012.93,2574.38,4277.14,74841.71,41369.36,19085.25,2272.13,3745.38,"Attribute
Other Income    1498.22
Other Income    1498.22
Name: First Date, dtype: object",-7806.41,38069.19,49161.41,55756.46000000001,-6595.050000000003,0.0,1498.22,4519.29,0.0405671896856258,0.6998491049596611,-531.2,75945.8,0.0595067798350929,38.0,142.0,230.0,105.0,72.0,0.8817168450077354,0.19894053532092962
26,26,bhartiairtel,0.44,519410,14.64  (+46.71% YoY),911.0,- -,23,446633.2,"Attribute
Minority Interest    28881.40
Minority Interest    -3941.50
Minority Interest    -3941.50
Name: First Date, dtype: object",65324.6,90794.8,57501.3,13418.6,4704.5,121963.8,151568.6,13976.2,16478.4,19299.9,"Attribute
Other Income    936.60
Other Income    936.60
Name: First Date, dtype: object",-39080.2,257.6,39378.2,107987.6,-68609.4,28881.4,936.6,34841.700000000004,0.1434281103733312,0.1748037196049363,-236.92,548054.48,0.0635734243062843,36.0,77.0,214.0,41.0,64.0,0.36465483073982563,0.36226937166859896
27,27,biocon,0.55,32800,3.50  (-40.68% YoY),273.95,- -,23,52042.8,"Attribute
Minority Interest    4621.90
Minority Interest    -180.30
Minority Interest    -180.30
Name: First Date, dtype: object",1852.5,17866.9,12334.0,2400.1,1326.5,8510.7,15290.5,2480.2,1355.5,419.0,"Attribute
Other Income    375.90
Other Income    375.90
Name: First Date, dtype: object",-14281.8,4243.7,8607.4,6030.500000000001,2576.8999999999987,4621.9,375.9,1398.6,0.0420789770590447,0.5447225609756098,-8111.58,29310.32,0.0477169815955608,54.0,140.0,281.0,117.0,107.0,1.4273111682281732,0.723605007876627
28,28,birlasoft,0.72,13364,12.64  (-24.81% YoY),488.0,- -,23,3187.27,"Attribute
Minority Interest    0.00
Minority Interest    0.00
Minority Interest      --
Name: First Date, dtype: object",560.92,2448.29,2169.77,553.49,489.03,624.02,0.0,0.0,442.42,18.59,"Attribute
Other Income    22.81
Other Income    22.81
Name: First Date, dtype: object",251.69,0.0,1127.25,624.02,503.23,0.0,22.81,438.2,0.2312645134051087,0.1832003891050583,711.75,14075.75,0.0311315560449709,72.0,40.0,185.0,40.0,48.0,1.8064324861382648,1.8064324861382648
29,29,bosch,2.49,56968,508.82  (+16.17% YoY),19586.7,- -,23,16252.3,"Attribute
Minority Interest    0.00
Minority Interest    0.00
Minority Interest      --
Name: First Date, dtype: object",1213.7,11005.1,8833.6,2057.1,690.1,5023.5,0.0,0.0,1882.2,12.1,"Attribute
Other Income    473.20
Other Income    473.20
Name: First Date, dtype: object",261.7,1902.9,6086.4,5023.5,1062.8999999999996,0.0,473.2,1421.1,0.1588176128743853,0.1931803819688246,-6642.58,50325.42,0.0282382144053641,80.0,69.0,176.0,79.0,44.0,1.2115855479247535,0.8327859062406688
30,30,britanniaindustries,1.59,109051,101.38  (+65.83% YoY),4596.2,- -,23,9352.72,"Attribute
Minority Interest    30.23
Minority Interest     5.45
Minority Interest     5.45
Name: First Date, dtype: object",2526.21,3534.27,4746.23,197.98,1800.99,4134.4,1551.8,1428.71,2651.76,169.1,"Attribute
Other Income    215.86
Other Income    215.86
Name: First Date, dtype: object",-1517.06,1193.26,2747.26,2705.69,41.57000000000062,30.23,215.86,2605.0,0.4123923505572441,0.0324093314137421,38794.98,147876.21000000002,0.017616085778774,103.0,12.0,151.0,44.0,31.0,1.015363918261146,0.5743451762766615
31,31,chambalfertiliserschemicals,2.66,11747,24.77  (-32.46% YoY),281.0,- -,23,12770.07,"Attribute
Minority Interest    -15.19
Minority Interest      0.43
Minority Interest      0.43
Name: First Date, dtype: object",3239.26,7147.26,5638.74,57.63,1837.3,3152.14,1741.26,1514.86,1358.8,320.02,"Attribute
Other Income    167.76
Other Income    167.76
Name: First Date, dtype: object",-1873.16,1373.83,3743.81,1637.28,2106.53,-15.19,167.76,1511.06,0.1460561099968585,0.6084327913509833,138150.0,149881.81,0.0100816770227154,120.0,75.0,220.0,118.0,67.0,2.2866033909899346,1.4475105052281834
32,32,cholamandalaminvestmentfinancecompany,0.17,98618,34.20  (+17.75% YoY),1185.0,- -,23,113626.9,"Attribute
Minority Interest    0.00
Minority Interest    0.00
Minority Interest      --
Name: First Date, dtype: object",-27105.05,14346.1,112175.01,3007.1,3561.87,74919.69,24171.31,73186.19,3614.59,5748.03,"Attribute
Other Income    221.49
Other Income    221.49
Name: First Date, dtype: object",-2148.41,0.0,105606.04,1733.5,103872.54,0.0,221.49,9141.13,0.0840977400376277,0.1454714149546735,12890.4,111508.4,0.0819770528498301,28.0,120.0,282.0,78.0,109.0,60.92070377848283,60.92070377848283
33,33,cipla,0.69,100083,38.49  (+23.83% YoY),1243.25,- -,23,29463.28,"Attribute
Minority Interest    305.76
Minority Interest    -30.98
Minority Interest        --
Name: First Date, dtype: object",3237.65,23407.78,17274.95,1564.62,3089.86,5109.67,0.0,520.36,4220.77,109.54,"Attribute
Other Income    475.45
Other Income    475.45
Name: First Date, dtype: object",-2388.51,5156.43,12620.47,4589.31,8031.160000000001,305.76,475.45,3854.8600000000006,0.1723726855164124,0.2338836765484647,-553.49,99835.27,0.0386122058867572,62.0,62.0,200.0,51.0,56.0,2.7499711285574517,1.626396996498384
34,34,coalindia,8.53,175206,44.30  (+18.59% YoY),279.5,- -,23,211206.65,"Attribute
Minority Interest    770.68
Minority Interest     40.25
Minority Interest     40.25
Name: First Date, dtype: object",35686.21,57244.89,108082.7,39921.85,4054.01,68734.64,4106.25,8.48,38008.95,684.31,"Attribute
Other Income    6550.66
Other Income    6550.66
Name: First Date, dtype: object",-23422.99,8154.68,64106.84,68726.16,-4619.32,770.68,6550.66,32142.599999999995,1.4993443814351954,0.3267290503749872,-2057.1,173919.58,0.184813003803252,8.0,2.0,12.0,1.0,1.0,0.9327865837404562,0.8141319113420565
35,35,coforgelimited,1.18,33218,115.71  (+2.45% YoY),5530.0,- -,23,5683.4,"Attribute
Minority Interest     87.40
Minority Interest    -51.30
Minority Interest    -51.30
Name: First Date, dtype: object",950.5,3082.5,2606.4,578.7,0.0,1739.3,338.2,0.0,1003.5,80.6,"Attribute
Other Income    61.90
Other Income    61.90
Name: First Date, dtype: object",-271.6,0.0,2027.7,1739.3,288.4000000000001,87.4,61.9,1022.2,0.3596762843068261,0.0927960744174845,1353.82,34659.22,0.0294928737576898,76.0,15.0,139.0,25.0,26.0,1.1658138331512677,1.1658138331512677
36,36,containercorporationindia,1.48,45222,18.42  (+2.69% YoY),732.9,- -,23,13464.94,"Attribute
Minority Interest    101.82
Minority Interest      0.40
Minority Interest      0.40
Name: First Date, dtype: object",1405.83,11230.61,4121.4,3102.12,121.78,1350.18,44.55,6.36,1542.05,63.89,"Attribute
Other Income    313.40
Other Income    313.40
Name: First Date, dtype: object",-593.44,37.18,897.4999999999998,1343.8200000000002,-446.3200000000004,101.82,313.4,1292.54,0.1580238159278186,0.2483439476361063,6540.54,51864.36,0.0249215453540735,85.0,70.0,196.0,87.0,55.0,0.667872185262907,0.6402047893319044
37,37,coromandelinternational,1.1,32121,68.20  (+18.54% YoY),1108.5,- -,23,14234.8,"Attribute
Minority Interest    0.00
Minority Interest    0.00
Minority Interest      --
Name: First Date, dtype: object",590.97,7907.79,10243.61,1417.76,0.0,5856.49,0.0,4.6,2725.34,190.01,"Attribute
Other Income    171.13
Other Income    171.13
Name: First Date, dtype: object",639.04,4416.45,8825.85,5851.889999999999,2973.960000000001,0.0,171.13,2744.2200000000003,0.4225367726875896,0.2461875408611188,,,,148.0,11.0,,88.0,,1.5082050414481478,0.7535001512331915
38,38,cromptongreavesconsumerelectrical,0.98,19574,7.19  (-24.65% YoY),304.95,- -,23,5654.43,"Attribute
Minority Interest    447.71
Minority Interest    -13.19
Minority Interest    -13.19
Name: First Date, dtype: object",552.59,2659.99,2258.29,109.48,547.83,1736.93,597.18,325.0,612.15,109.18,"Attribute
Other Income    66.78
Other Income    66.78
Name: First Date, dtype: object",263.16,743.85,1600.98,1411.93,189.04999999999995,447.71,66.78,654.55,0.1884850072998165,0.1358940431184223,1683.63,21705.34,0.030156173549919,75.0,56.0,189.0,63.0,51.0,1.1338947398242123,0.6070626730786937
39,39,cumminsindia,1.45,47910,49.92  (+56.37% YoY),1712.3,- -,23,7918.64,"Attribute
Minority Interest    0.00
Minority Interest    0.00
Minority Interest      --
Name: First Date, dtype: object",819.66,5758.24,5098.47,1386.23,1047.92,1890.35,0.0,350.04,1397.61,16.24,"Attribute
Other Income    308.15
Other Income    308.15
Name: First Date, dtype: object",69.14,903.66,2664.32,1540.31,1124.0100000000002,0.0,308.15,1105.6999999999998,0.2341567751294458,0.1201886871216865,21164.210000000003,69074.21,0.0160074215832508,107.0,39.0,188.0,76.0,49.0,1.7297297297297298,1.1430556186741632
40,40,dlf,0.77,129298,8.46  (+28.21% YoY),525.95,- -,23,53927.99,"Attribute
Minority Interest    4.36
Minority Interest    1.88
Minority Interest    1.88
Name: First Date, dtype: object",2375.26,37687.53,25770.69,2274.72,470.72,11184.76,1049.66,2053.43,1502.42,392.14,"Attribute
Other Income    317.31
Other Income    317.31
Name: First Date, dtype: object",-462.62,19361.23,23025.25,9131.33,13893.919999999996,4.36,317.31,1577.25,0.0409506203931363,0.2914780584386456,-1564.62,127737.74,0.0123475646273372,118.0,141.0,329.0,140.0,122.0,2.521565861709083,0.4012580861714559
41,41,daburindia,0.93,99438,9.77  (-0.65% YoY),565.0,- -,23,13654.37,"Attribute
Minority Interest    468.17
Minority Interest      5.82
Minority Interest      5.82
Name: First Date, dtype: object",1488.43,8973.26,4248.96,325.92,736.47,3609.43,298.84,700.18,2220.31,78.24,"Attribute
Other Income    445.39
Other Income    445.39
Name: First Date, dtype: object",-586.54,2024.2,3186.57,2909.25,277.3199999999997,468.17,445.39,1853.16,0.1921097699028441,0.0902397473802771,,,,148.0,55.0,,122.0,,1.0953235369940706,0.3995428375010742
42,42,dalmiabharat,0.39,43407,51.67  (-12.94% YoY),2358.0,- -,23,25543.0,"Attribute
Minority Interest    116.00
Minority Interest    -44.00
Minority Interest    -44.00
Name: First Date, dtype: object",2252.0,15628.0,7350.0,285.0,2935.0,4460.0,3210.0,532.0,915.0,234.0,"Attribute
Other Income    138.00
Other Income    138.00
Name: First Date, dtype: object",-2326.0,1316.0,4130.0,3928.0,202.0,116.0,138.0,1011.0,0.0529735394288708,0.3600340958831525,-35815.6,7707.4000000000015,0.1311726392817292,15.0,138.0,261.0,82.0,93.0,1.0514256619144602,0.7163951120162932
43,43,deepaknitrite,0.34,30193,56.26  (-23.16% YoY),2248.9,- -,23,5128.74,"Attribute
Minority Interest    0.00
Minority Interest    0.00
Minority Interest      --
Name: First Date, dtype: object",649.92,4089.96,2739.07,39.95,376.87,793.76,43.02,11.46,1145.88,24.78,"Attribute
Other Income    47.58
Other Income    47.58
Name: First Date, dtype: object",-276.05,893.07,2322.2500000000005,782.3,1539.9500000000005,0.0,47.58,1123.0800000000002,0.273622301430872,0.1354605372106117,-240.50000000000009,29952.5,0.0374953676654703,63.0,30.0,208.0,27.0,60.0,2.9684903489709837,1.826895053048703
44,44,deltacorp,0.71,4736,10.16  (+77.51% YoY),177.0,- -,23,2546.85,"Attribute
Minority Interest     2.09
Minority Interest    -0.94
Minority Interest    -0.94
Name: First Date, dtype: object",154.04,2218.99,1051.35,128.66,534.8,223.25,0.0,0.0,328.47,9.61,"Attribute
Other Income    46.39
Other Income    46.39
Name: First Date, dtype: object",-73.0,193.4,387.89,223.25,164.64,2.09,46.39,291.69000000000005,0.139542560265604,0.4685367398648648,-3057.57,1680.5200000000002,0.1735712755575655,9.0,78.0,161.0,19.0,35.0,1.7374692049272116,0.8711758118701007
45,45,divislaboratories,0.79,100337,55.65  (-52.43% YoY),3774.0,- -,23,14438.77,"Attribute
Minority Interest    0.00
Minority Interest    0.00
Minority Interest      --
Name: First Date, dtype: object",2459.73,12767.09,9311.74,4213.09,0.0,1101.08,0.0,0.0,2368.63,0.67,"Attribute
Other Income    344.66
Other Income    344.66
Name: First Date, dtype: object",-2707.62,3000.41,5098.65,1101.08,3997.57,0.0,344.66,2024.64,0.2366892681786299,0.1272420941427389,-1417.76,98919.24,0.0204676056953126,96.0,38.0,202.0,65.0,57.0,4.6305899662149885,1.905619936789334
46,46,dixontechnologies,0.06,29053,46.78  (+27.54% YoY),4918.75,- -,23,4679.43,"Attribute
Minority Interest    -0.28
Minority Interest     0.44
Minority Interest     0.44
Name: First Date, dtype: object",725.75,1284.91,3139.27,229.18,30.0,2940.99,145.23,37.39,343.16,60.57,"Attribute
Other Income    5.61
Other Income    5.61
Name: First Date, dtype: object",-355.55,957.87,2880.09,2903.6,-23.509999999999764,-0.28,5.61,398.12,0.3214923083134816,0.0442264137954772,487.69999999999993,29540.42,0.0134771272717178,116.0,22.0,276.0,69.0,103.0,0.9919031547045049,0.6620126739220279
47,47,drlalpathlabs,0.5,20161,31.60  (-2.86% YoY),2330.0,- -,23,2385.56,"Attribute
Minority Interest    33.25
Minority Interest    -2.23
Minority Interest    -2.20
Name: First Date, dtype: object",456.03,1666.3,973.09,665.41,149.94,469.75,83.33,153.34,343.83,37.53,"Attribute
Other Income    41.72
Other Income    41.70
Name: First Date, dtype: object",-287.31,33.81,157.74000000000007,316.41,-158.6699999999999,33.25,41.72,339.64,0.27444325931672,0.0826496701552502,-1386.23,18808.02,0.0180582538725501,101.0,28.0,221.0,60.0,68.0,0.49853038778799674,0.39167535792168406
48,48,drreddyslaboratories,0.71,93650,283.19  (+57.54% YoY),5721.85,- -,23,32285.1,"Attribute
Minority Interest    0.00
Minority Interest    0.00
Minority Interest      --
Name: First Date, dtype: object",5887.5,23286.1,20425.5,1730.2,4449.6,8572.1,0.0,1119.0,6011.5,142.8,"Attribute
Other Income    1055.50
Other Income    1055.50
Name: First Date, dtype: object",-4137.3,4867.0,14245.7,7453.1,6792.599999999999,0.0,1055.5,5098.8,0.2248653797811677,0.2486502936465563,-1225.0599999999995,92424.94,0.0551669278876459,44.0,42.0,161.0,18.0,36.0,1.9113791576659376,1.2583622922005608
49,49,eichermotors,1.08,94201,117.69  (+56.95% YoY),3427.0,- -,23,19197.64,"Attribute
Minority Interest    0.00
Minority Interest    0.00
Minority Interest      --
Name: First Date, dtype: object",2847.46,14990.28,3683.23,857.12,219.89,3234.58,62.96,132.74,3484.46,28.02,"Attribute
Other Income    595.11
Other Income    595.11
Name: First Date, dtype: object",-2421.6,1278.44,2606.2200000000003,3101.84,-495.6199999999999,0.0,595.11,2917.37,0.2036009843071954,0.1591307947898642,-27.08000000000004,94173.92,0.0309785341844111,73.0,52.0,180.0,53.0,46.0,0.8402174193381993,0.4280620534908313
50,50,escortskubota,0.22,34660,71.14  (+34.30% YoY),3159.9,- -,23,10085.23,"Attribute
Minority Interest    -3.88
Minority Interest     0.13
Minority Interest     0.13
Name: First Date, dtype: object",223.91,8186.71,4903.41,471.9,1794.93,1715.9,0.0,0.0,895.12,13.27,"Attribute
Other Income    280.93
Other Income    280.93
Name: First Date, dtype: object",-61.77,1217.68,2636.58,1715.9,920.6799999999998,-3.88,280.93,627.46,0.0813318798518693,0.2362005193306405,2925.0,37581.12,0.0166961495559472,105.0,123.0,359.0,129.0,130.0,1.5365580744798646,0.826912990267498
51,51,exideindustries,0.76,22257,9.94  (-81.38% YoY),265.95,- -,23,14767.68,"Attribute
Minority Interest     9.02
Minority Interest    -0.07
Minority Interest    -0.07
Name: First Date, dtype: object",768.24,11132.28,5690.99,140.31,603.25,3024.39,141.29,138.09,1137.31,73.84,"Attribute
Other Income    124.74
Other Income    124.74
Name: First Date, dtype: object",-798.82,3436.4,4947.429999999999,2886.3,2061.13,9.02,124.74,1086.41,0.0963868569426022,0.5001698342094623,3.0700000000000003,22269.09,0.0487855588171766,49.0,114.0,234.0,92.0,74.0,1.7141080275785605,0.523517998822021
52,52,gailindia,3.24,81235,6.32  (-79.28% YoY),124.1,- -,23,107780.75,"Attribute
Minority Interest    179.55
Minority Interest     20.11
Minority Interest     20.11
Name: First Date, dtype: object",3204.69,64927.43,20530.69,1102.97,0.0,21711.02,8879.69,7395.21,5748.32,366.58,"Attribute
Other Income    1328.47
Other Income    1328.47
Name: First Date, dtype: object",-7640.12,5917.92,19427.72,14315.81,5111.909999999996,179.55,1328.47,4786.429999999999,0.0597561578519478,0.7992543854250015,-128.66,81285.89,0.058883897316004,40.0,135.0,193.0,101.0,53.0,1.3570814365376462,0.9436979116096121
53,53,gmrairportsinfrastructure,0.0,36065,-0.12,58.55,- -,23,44111.43,"Attribute
Minority Interest    1761.63
Minority Interest     660.67
Minority Interest     660.67
Name: First Date, dtype: object",2299.23,-792.78,8878.06,4020.67,2538.26,9078.73,28176.48,3767.0,-1066.17,2343.11,"Attribute
Other Income    595.59
Other Income    595.59
Name: First Date, dtype: object",-2422.35,134.73,2319.129999999999,5311.73,-2992.6000000000004,1761.63,595.59,681.35,0.0251142368806816,-0.0219819769859975,-4213.09,33613.54,0.0202701054396531,97.0,146.0,386.0,135.0,131.0,0.4366053997473515,0.4112407821933719
54,54,glenmarkpharma,0.29,24171,5.18  (-82.70% YoY),853.0,- -,23,19371.68,"Attribute
Minority Interest    365.34
Minority Interest    -80.16
Minority Interest    -80.16
Name: First Date, dtype: object",625.39,9473.92,9873.72,1469.7,0.0,5045.53,3852.14,495.58,1634.31,349.58,"Attribute
Other Income    316.79
Other Income    316.79
Name: First Date, dtype: object",-528.49,2977.79,8404.019999999999,4549.95,3854.069999999999,365.34,316.79,1667.1,0.1349666530115917,0.3919539944561664,-83.95000000000002,24452.39,0.0681773847055441,33.0,80.0,235.0,42.0,76.0,1.8470576599742852,1.1925911273750258
55,55,godrejconsumerproducts,0.0,101263,16.39  (-2.26% YoY),991.9,- -,23,17498.77,"Attribute
Minority Interest    0.00
Minority Interest    0.00
Minority Interest      --
Name: First Date, dtype: object",2150.65,13794.23,5805.97,390.72,2189.65,3291.31,189.12,844.84,2186.84,175.74,"Attribute
Other Income    168.41
Other Income    168.41
Name: First Date, dtype: object",-1758.34,1537.15,3225.6,2446.47,779.1300000000001,0.0,168.41,2194.17,0.1519774586544595,0.1362218184331888,-582.0799999999999,100680.92,0.0217933050274073,92.0,74.0,310.0,97.0,116.0,1.318471103263069,0.6901576557243702
56,56,godrejproperties,0.0,44164,23.41  (+70.96% YoY),1617.6,- -,23,23105.3,"Attribute
Minority Interest     22.95
Minority Interest    -49.21
Minority Interest    -49.21
Name: First Date, dtype: object",-2860.64,9264.2,20172.51,2015.94,1080.47,13786.16,0.0,6411.75,836.0,174.23,"Attribute
Other Income    786.74
Other Income    786.74
Name: First Date, dtype: object",2488.06,12073.4,17076.1,7374.41,9701.69,22.95,786.74,223.49,0.0163608957826531,0.2097681369441174,-1730.2,42456.75,0.0052639450735159,127.0,149.0,421.0,147.0,136.0,2.315588636921462,0.678386474307775
57,57,granulesindia,0.45,8026,18.05  (+6.55% YoY),325.0,- -,23,4904.56,"Attribute
Minority Interest    0.00
Minority Interest    0.00
Minority Interest      --
Name: First Date, dtype: object",738.75,2834.91,2574.15,312.79,0.0,1813.5,148.64,909.98,687.17,55.93,"Attribute
Other Income    13.78
Other Income    13.78
Name: First Date, dtype: object",-191.36,1149.41,2261.36,903.52,1357.84,0.0,13.78,729.3199999999999,0.2036785692342923,0.3532157986543732,-794.16,7231.84,0.1008484700988959,21.0,51.0,171.0,13.0,39.0,2.5028333628475297,1.230686647777581
58,58,grasimindustries,0.51,128049,98.27  (-17.22% YoY),1957.45,- -,23,337205.03,"Attribute
Minority Interest    44170.83
Minority Interest    -4250.94
Minority Interest    -4250.94
Name: First Date, dtype: object",-12685.14,78750.17,94365.31,3713.38,14806.33,69532.99,66701.27,34635.46,14605.78,6043.73,"Attribute
Other Income    3612.05
Other Income    3612.05
Name: First Date, dtype: object",-13686.71,11159.15,75845.59999999999,34897.530000000006,40948.06999999999,44170.83,3612.05,17037.460000000003,0.0965987411262189,0.6150002733328648,-471.9,171747.93,0.0992003804645564,23.0,112.0,225.0,67.0,69.0,2.173380179055652,1.8536111294982762
59,59,gujaratgas,1.49,30719,19.79  (+13.68% YoY),453.75,- -,23,10927.43,"Attribute
Minority Interest    0.00
Minority Interest    0.00
Minority Interest      --
Name: First Date, dtype: object",2375.49,7027.95,1979.19,680.98,0.0,2803.37,0.0,0.0,2024.71,40.35,"Attribute
Other Income    101.33
Other Income    101.33
Name: First Date, dtype: object",-1039.05,61.18,1298.21,2803.37,-1505.16,0.0,101.33,1963.73,0.309396452165364,0.228781861388717,0.9799999999999898,30719.98,0.0639235442210574,35.0,24.0,99.0,7.0,12.0,0.4630890678005401,0.44126533422273906
60,60,gujaratnarmadavalleyfertchem,4.94,9438,63.57  (-51.57% YoY),616.8,- -,23,11696.0,"Attribute
Minority Interest    0.00
Minority Interest    0.00
Minority Interest      --
Name: First Date, dtype: object",1373.0,9105.0,4871.0,1994.0,321.0,1292.0,0.0,0.0,1932.0,5.0,"Attribute
Other Income    361.00
Other Income    361.00
Name: First Date, dtype: object",-1229.0,1123.0,2556.0,1292.0,1264.0,0.0,361.0,1576.0,0.2216284629447335,0.9647171010807376,,,,148.0,44.0,,115.0,,1.978328173374613,1.1091331269349844
61,61,hcltechnologies,3.71,350985,55.65  (+11.28% YoY),1281.5,- -,23,93411.0,"Attribute
Minority Interest    -7.00
Minority Interest     6.00
Minority Interest     6.00
Name: First Date, dtype: object",18009.0,65405.0,53577.0,14724.0,5385.0,21431.0,2111.0,140.0,19488.0,353.0,"Attribute
Other Income    1358.00
Other Income    1358.00
Name: First Date, dtype: object",-3931.0,228.0,33468.0,21291.0,12177.0,-7.0,1358.0,18483.0,0.3491838585354795,0.1863469948858213,7776.72,358754.72,0.0515198796548237,46.0,18.0,78.0,10.0,6.0,1.571931802169931,1.5612230519938002
62,62,hdfclifeinsurancecompany,0.29,139367,6.62  (+0.93% YoY),659.35,- -,23,247871.99,"Attribute
Minority Interest    0.00
Minority Interest    0.00
Minority Interest      --
Name: First Date, dtype: object",6883.17,12989.99,7061.58,1168.55,0.0,8171.24,950.0,0.0,1331.27,82.41,"Attribute
Other Income    1437.32
Other Income     602.51
Name: First Date, dtype: object",-10087.38,0.0,5893.03,8171.24,-2278.21,0.0,1437.32,-23.639999999999876,-0.001851005055029,0.0932070719754317,24155.81,163522.81,-0.0001445669873212,135.0,151.0,409.0,150.0,134.0,0.7211916428840666,0.7211916428840666
63,63,havellsindia,0.53,88562,17.80  (-7.37% YoY),1425.0,- -,23,11157.44,"Attribute
Minority Interest    0.00
Minority Interest    0.00
Minority Interest      --
Name: First Date, dtype: object",564.93,6625.45,7066.17,1870.17,180.87,3835.54,0.0,0.0,1447.06,33.62,"Attribute
Other Income    177.71
Other Income    177.71
Name: First Date, dtype: object",35.04,3708.58,5015.13,3835.54,1179.59,0.0,177.71,1302.9699999999998,0.2740048956107737,0.0748114315394864,2382.44,90944.44,0.014327099050805,112.0,29.0,230.0,71.0,73.0,1.3075420931602852,0.34064303852912503
64,64,heromotocorp,3.27,61189,146.60  (+10.48% YoY),3114.6,- -,23,23917.03,"Attribute
Minority Interest    125.06
Minority Interest     10.06
Minority Interest     10.06
Name: First Date, dtype: object",2613.84,16655.57,9435.33,422.8,3671.85,6012.62,20.09,293.15,3860.51,104.88,"Attribute
Other Income    569.01
Other Income    569.01
Name: First Date, dtype: object",-421.33,1756.39,5340.68,5719.47,-378.79,125.06,569.01,3396.38,0.205268823118081,0.2721987612152511,-201.6,61112.46,0.0555759005610312,43.0,49.0,108.0,26.0,14.0,0.9337718355022406,0.6266821925807811
65,65,hindalcoindustries,0.63,107484,37.52  (-44.70% YoY),482.0,- -,23,224817.0,"Attribute
Minority Interest    11.00
Minority Interest     0.00
Minority Interest       --
Name: First Date, dtype: object",19208.0,94802.0,89311.0,15368.0,5857.0,60457.0,51434.0,6901.0,13191.0,3646.0,"Attribute
Other Income    1257.00
Other Income    1257.00
Name: First Date, dtype: object",-8121.0,42958.0,68086.0,53556.0,14530.0,11.0,1257.0,15580.0,0.1130878499517308,0.8820103457258754,-2015.94,105479.06,0.1477070425163061,11.0,97.0,188.0,36.0,50.0,1.2713048024497722,0.4691911270445888
66,66,hindustanaeronauticsltd,1.38,133508,180.09  (+9.38% YoY),3984.3,- -,23,67203.8,"Attribute
Minority Interest    3.74
Minority Interest    0.01
Minority Interest    0.01
Name: First Date, dtype: object",8829.72,23572.15,51885.04,20316.61,0.0,30827.27,0.0,0.0,6506.63,57.97,"Attribute
Other Income    1670.12
Other Income    1670.12
Name: First Date, dtype: object",-5728.02,12148.69,31568.43,30827.27,741.1599999999999,3.74,1670.12,4894.4800000000005,1.5034310744146897,0.176559831620577,-164.15000000000003,133347.59,0.0367046753525879,65.0,1.0,110.0,11.0,15.0,1.0240423495171644,0.6299532848675863
67,67,hindustancopper,0.58,15385,2.95  (-25.95% YoY),157.5,- -,23,2985.27,"Attribute
Minority Interest    0.00
Minority Interest    0.04
Minority Interest    0.04
Name: First Date, dtype: object",673.58,2082.17,701.24,301.04,0.0,838.15,17.2,139.18,395.67,15.93,"Attribute
Other Income    95.87
Other Income    95.87
Name: First Date, dtype: object",-337.3,116.53,400.2,698.97,-298.77000000000004,0.0,95.87,315.73,0.1629565782886282,0.135337666558336,62987.89000000001,78372.89000000001,0.0040285614068844,131.0,65.0,281.0,119.0,108.0,0.5725567620927936,0.40584002174628375
68,68,hindustanpetroleumcorporation,0.0,36570,58.81  (+355.37% YoY),253.5,- -,23,161339.51,"Attribute
Minority Interest    0.00
Minority Interest    0.00
Minority Interest      --
Name: First Date, dtype: object",-3466.31,32263.27,43976.02,672.4,5168.89,73865.89,48171.47,18876.83,-12475.43,2174.11,"Attribute
Other Income    1465.91
Other Income    1465.91
Name: First Date, dtype: object",-11383.55,29575.0,38134.73,54989.06,-16854.33,0.0,1465.91,-11767.23,-0.1192957118353692,0.8822332512988789,-680.98,35889.02,-0.3278782758626454,139.0,155.0,440.0,154.0,140.0,0.6934966700649184,0.15566241721535162
69,69,hindustanunilever,1.58,579609,43.81  (+12.36% YoY),2449.65,- -,23,73087.0,"Attribute
Minority Interest    218.00
Minority Interest    -23.00
Minority Interest    -23.00
Name: First Date, dtype: object",9991.0,50304.0,16998.0,4678.0,2811.0,12028.0,0.0,98.0,13410.0,114.0,"Attribute
Other Income    512.00
Other Income    512.00
Name: First Date, dtype: object",-1494.0,4251.0,9509.0,11930.0,-2421.0,218.0,512.0,13012.0,0.2845770273816814,0.086789542605446,-1994.0,577833.0,0.0225186169706472,89.0,27.0,154.0,45.0,33.0,0.7970662196144175,0.4407376362112322
70,70,iciciprudentiallifeinsurancecompany,0.1,84676,6.00  (-21.66% YoY),600.95,- -,23,255851.3,"Attribute
Minority Interest    0.00
Minority Interest    0.00
Minority Interest      --
Name: First Date, dtype: object",89.49,10089.33,5724.79,775.22,0.0,5694.41,1200.0,0.0,1370.49,113.18,"Attribute
Other Income    1967.87
Other Income     919.09
Name: First Date, dtype: object",-1145.41,0.0,4949.57,5694.41,-744.8400000000001,0.0,1967.87,-484.1999999999998,-0.0460524000604901,0.1191521800746374,-12613.0,72063.0,-0.0067191207693268,136.0,153.0,426.0,151.0,138.0,0.8691980380759377,0.8691980380759377
71,71,idfc,8.64,20376,26.60  (+484.23% YoY),125.5,- -,23,11686.21,"Attribute
Minority Interest     0.00
Minority Interest    -0.04
Minority Interest    -0.04
Name: First Date, dtype: object",0.0,11597.2,11603.18,377.46,11220.62,45.73,0.0,0.0,90.56,0.0,"Attribute
Other Income    0.41
Other Income    0.41
Name: First Date, dtype: object",0.0,0.0,5.100000000000364,45.73,-40.62999999999963,0.0,0.41,90.15,0.0080349455513229,0.5691597958382411,-4.01,20371.99,0.0044251936114243,128.0,150.0,279.0,148.0,106.0,0.1115241635687812,0.1115241635687812
72,72,itc,3.42,564839,15.96  (+20.39% YoY),451.7,- -,23,85882.98,"Attribute
Minority Interest     383.53
Minority Interest    -285.06
Minority Interest    -285.06
Name: First Date, dtype: object",18877.55,69155.26,39670.89,4880.19,17232.86,13739.41,3.49,35.32,25793.21,43.2,"Attribute
Other Income    1980.49
Other Income    1980.49
Name: First Date, dtype: object",-5732.29,11914.13,17557.839999999997,13704.09,3853.749999999997,383.53,1980.49,23855.92,0.3709295722789543,0.1224335784179208,,,,148.0,14.0,,91.0,,1.281211667465698,0.41182668823686924
73,73,indiacements,0.0,7403,-9.50,241.75,- -,23,11467.22,"Attribute
Minority Interest    50.45
Minority Interest     0.00
Minority Interest    -1.88
Name: First Date, dtype: object",-19.46,5776.3,3426.86,64.87,3.97,2826.55,1801.24,1138.29,-563.94,241.68,"Attribute
Other Income    40.11
Other Income    40.11
Name: First Date, dtype: object",434.85,784.66,3358.0200000000004,1688.2600000000002,1669.7600000000002,50.45,40.11,-362.37000000000006,-0.041887836725635,0.7802647575307308,-218.54999999999995,7234.9,-0.0500863868194446,137.0,152.0,436.0,152.0,139.0,1.9890419722080723,1.5242675891154207
74,74,indiabullshousingfinance,0.63,9389,24.12  (-8.51% YoY),198.7,- -,23,74945.24,"Attribute
Minority Interest    0.00
Minority Interest    0.00
Minority Interest      --
Name: First Date, dtype: object",0.0,17361.25,72070.41,5232.23,5370.23,57132.93,0.0,52403.47,1603.85,5636.49,"Attribute
Other Income    6.51
Other Income    6.51
Name: First Date, dtype: object",0.0,0.0,61467.95000000001,4729.459999999999,56738.49000000001,0.0,6.51,7233.83,0.1120959380305951,1.8491053360315264,-1870.17,7518.83,0.9620951664022196,1.0,99.0,181.0,32.0,47.0,12.996822047337332,12.996822047337332
75,75,indiamartintermesh,0.66,18491,52.28  (-37.60% YoY),3038.75,- -,23,3444.63,"Attribute
Minority Interest    0.00
Minority Interest    0.00
Minority Interest      --
Name: First Date, dtype: object",475.83,2058.49,2363.37,58.28,2271.83,856.06,0.0,0.0,409.18,8.15,"Attribute
Other Income    180.53
Other Income    180.50
Name: First Date, dtype: object",-324.01,0.0,33.25999999999976,856.06,-822.8000000000002,0.0,180.53,236.8,0.1183875693052229,0.1113238872965226,-402.71,18088.29,0.0130913425204925,117.0,93.0,287.0,124.0,111.0,0.038852416886666546,0.038852416886666546
76,76,indianenergyexchange,0.0,11860,3.51  (-0.14% YoY),133.0,- -,23,1453.41,"Attribute
Minority Interest    0.00
Minority Interest    0.00
Minority Interest      --
Name: First Date, dtype: object",-22.62,799.1,771.67,64.61,689.49,610.44,0.0,0.0,388.57,2.46,"Attribute
Other Income    73.25
Other Income    73.25
Name: First Date, dtype: object",70.26,0.0,17.569999999999936,610.44,-592.8700000000001,0.0,73.25,317.78,0.4326539503601138,0.0673777403035413,36066.0,47926.0,0.00663063890164,125.0,9.0,282.0,66.0,110.0,0.02878251752834011,0.02878251752834011
77,77,indianhotelscompany,0.24,59373,7.43  (+428.56% YoY),416.25,- -,23,13668.75,"Attribute
Minority Interest    660.09
Minority Interest    -50.24
Minority Interest    -50.24
Name: First Date, dtype: object",1618.99,7981.96,2590.34,1053.43,757.33,2119.15,330.98,487.28,1291.35,236.05,"Attribute
Other Income    138.90
Other Income    138.90
Name: First Date, dtype: object",-144.58,109.21,779.58,1631.87,-852.2900000000001,660.09,138.9,1388.4999999999998,0.1792355285221362,0.1344375389486803,-20316.61,39716.48,0.0349602985964516,69.0,58.0,255.0,57.0,89.0,0.47772187735542665,0.41079865430457085
78,78,indianoilcorporation,3.27,129704,17.36  (-12.66% YoY),92.45,- -,23,441762.09,"Attribute
Minority Interest     3494.10
Minority Interest    -1912.14
Minority Interest    -1912.14
Name: First Date, dtype: object",29643.72,139720.24,158865.49,2096.64,10436.54,206658.33,63312.94,76801.88,14175.5,7541.36,"Attribute
Other Income    4198.92
Other Income    4198.92
Name: First Date, dtype: object",-28029.56,121107.58,146332.30999999997,129856.44999999998,16475.859999999986,3494.1,4198.92,17517.940000000002,0.0630735207610096,1.077223832726824,-283.84000000000003,132914.26,0.1317988002190284,14.0,132.0,163.0,77.0,37.0,1.126877486640055,0.19425088241669913
79,79,indraprasthagas,2.8,32452,24.01  (-1.46% YoY),462.25,- -,23,12620.6,"Attribute
Minority Interest    0.00
Minority Interest    0.00
Minority Interest      --
Name: First Date, dtype: object",2291.93,7931.24,4227.9,2633.23,419.13,4231.58,0.0,0.0,1868.74,10.59,"Attribute
Other Income    202.91
Other Income    202.91
Name: First Date, dtype: object",-841.36,49.17,1175.5399999999995,4231.58,-3056.0400000000004,0.0,202.91,1676.4199999999998,0.3164244688099871,0.2443991125354369,47499.07,79951.07,0.0209680745986263,93.0,23.0,139.0,46.0,27.0,0.27780167218863866,0.2661818989597265
80,80,industowers,0.0,48967,10.80  (-46.45% YoY),183.95,- -,23,46572.4,"Attribute
Minority Interest    0.00
Minority Interest    0.00
Minority Interest      --
Name: First Date, dtype: object",7904.8,21109.5,8707.6,22.4,275.6,8162.8,2434.0,2278.6,3252.1,1453.9,"Attribute
Other Income    361.30
Other Income    361.30
Name: First Date, dtype: object",-1730.0,0.0,8409.6,5884.200000000001,2525.4,0.0,361.3,4344.7,0.1684011829594918,0.4310964527130516,-4678.0,44289.0,0.0980988507304296,24.0,63.0,236.0,20.0,77.0,1.4291832364637502,1.4291832364637502
81,81,infoedgeindia,0.43,57679,-9.89,4440.15,- -,23,16660.3,"Attribute
Minority Interest    1027.85
Minority Interest     -36.95
Minority Interest     -36.95
Name: First Date, dtype: object",520.79,13398.02,3690.63,571.46,754.68,1348.94,1.4,1.02,880.88,7.34,"Attribute
Other Income    392.85
Other Income    392.85
Name: First Date, dtype: object",-366.62,0.0,2364.49,1347.92,1016.5700000000002,1027.85,392.85,495.37,0.0386133581937145,0.2322859272872276,,,,148.0,143.0,,153.0,,1.754176805745148,1.754176805745148
82,82,infosys,2.28,618511,59.46  (+12.00% YoY),1476.2,- -,23,125816.0,"Attribute
Minority Interest    388.00
Minority Interest    -13.00
Minority Interest    -13.00
Name: First Date, dtype: object",22467.0,75407.0,70881.0,12173.0,6909.0,39186.0,0.0,0.0,33322.0,284.0,"Attribute
Other Income    2701.00
Other Income    2701.00
Name: First Date, dtype: object",-1209.0,0.0,51799.0,39186.0,12613.0,388.0,2701.0,30905.0,0.4887402346838726,0.1219169909670159,-168.13,618730.87,0.0499490190298732,47.0,7.0,82.0,6.0,7.0,1.3218751594957383,1.3218751594957383
83,83,interglobeaviation,0.0,92663,99.77  (+194.86% YoY),2379.05,- -,23,59169.82,"Attribute
Minority Interest    0.00
Minority Interest    0.00
Minority Interest      --
Name: First Date, dtype: object",12727.94,-6252.4,26148.71,11839.69,11558.03,23851.15,0.0,2252.34,-304.39,3131.73,"Attribute
Other Income    1434.97
Other Income    1434.97
Name: First Date, dtype: object",-4059.49,591.07,2750.989999999998,21598.81,-18847.820000000003,0.0,1434.97,1392.37,-0.0879035338310263,-0.0674746123048034,424.78,93087.78,0.0149576023834707,109.0,154.0,413.0,142.0,135.0,0.12736766516303435,0.10000180565503367
84,84,ipcalaboratories,0.44,23170,19.36  (-31.83% YoY),924.05,- -,23,8626.43,"Attribute
Minority Interest    73.30
Minority Interest    -7.67
Minority Interest    -7.67
Name: First Date, dtype: object",805.81,5842.02,5189.27,1853.24,323.32,1805.82,651.78,805.75,745.29,45.54,"Attribute
Other Income    125.62
Other Income    125.62
Name: First Date, dtype: object",-725.0,1743.37,3012.7100000000005,1000.07,2012.6400000000008,73.3,125.62,665.2099999999999,0.1221395770714483,0.2521372464393612,,,,148.0,89.0,,133.0,,3.012499125061246,1.2692511524193313
85,85,jkcement,0.47,24870,48.96  (-42.49% YoY),3320.0,- -,23,13285.06,"Attribute
Minority Interest    -44.40
Minority Interest      7.25
Minority Interest      7.25
Name: First Date, dtype: object",1377.08,4686.75,3738.25,833.27,70.82,2946.83,4100.97,894.14,631.29,312.18,"Attribute
Other Income    87.41
Other Income    87.41
Name: First Date, dtype: object",-2014.78,982.12,2834.16,2052.69,781.4699999999998,-44.4,87.41,856.0600000000001,0.0967453571698993,0.1884499396863691,-377.46,24448.14,0.0350153426804656,68.0,111.0,275.0,104.0,102.0,1.3807053183870919,0.9022502180066156
86,86,jswsteel,0.43,192396,23.08  (-64.24% YoY),808.05,- -,23,211078.0,"Attribute
Minority Interest    1344.00
Minority Interest       5.00
Minority Interest       5.00
Name: First Date, dtype: object",23323.0,65728.0,68150.0,20714.0,5.0,69963.0,61933.0,16876.0,5201.0,6902.0,"Attribute
Other Income    1030.00
Other Income    1030.00
Name: First Date, dtype: object",-10711.0,33135.0,47431.0,53087.0,-5656.0,1344.0,1030.0,11073.0,0.0894260355507458,0.3416287240898979,-4876.7,188863.3,0.0586297073068192,42.0,117.0,265.0,89.0,98.0,0.8934579087158815,0.26929380074217796
87,87,jindalsteelpower,0.29,70279,28.11  (-67.34% YoY),700.0,- -,23,69427.23,"Attribute
Minority Interest     312.53
Minority Interest    -800.15
Minority Interest    -800.15
Name: First Date, dtype: object",7275.51,38706.59,15475.68,4716.83,764.86,15498.69,7207.63,5227.66,5855.1,1445.89,"Attribute
Other Income    57.05
Other Income    57.05
Name: First Date, dtype: object",-4018.5,5886.78,9993.99,10271.03,-277.0400000000009,312.53,57.05,7243.94,0.1560351577435027,0.550756129142418,1736.37,72327.9,0.1001541590451264,22.0,72.0,218.0,29.0,65.0,0.9730270479202182,0.39988297181490073
88,88,jubilantfoodworks,0.22,35223,4.08  (-41.93% YoY),538.45,- -,23,5382.13,"Attribute
Minority Interest    0.00
Minority Interest    0.17
Minority Interest    0.17
Name: First Date, dtype: object",1026.16,2037.79,685.81,256.91,124.04,1028.96,182.71,0.0,514.85,201.23,"Attribute
Other Income    50.41
Other Income    50.41
Name: First Date, dtype: object",-594.86,177.0,304.8599999999999,1028.96,-724.1000000000001,0.0,50.41,665.6700000000001,0.3390066154339756,0.0578539590608409,-5232.23,29990.77,0.0221958289166967,91.0,20.0,243.0,38.0,81.0,0.2962797387653552,0.124261390141502
89,89,ltfinanceholdings,1.59,31150,7.62  (+63.38% YoY),127.0,- -,23,106362.14,"Attribute
Minority Interest    89.44
Minority Interest    86.77
Minority Interest    86.77
Name: First Date, dtype: object",7490.47,21528.37,102677.38,12748.91,14366.2,45551.67,38903.86,44139.59,2130.65,5797.24,"Attribute
Other Income    526.75
Other Income    526.75
Name: First Date, dtype: object",-1106.98,0.0,75562.27,1412.0800000000015,74150.19,89.44,526.75,7401.139999999999,0.0806023246268278,0.6911194221508828,-58.28,31181.16,0.237359354174123,6.0,125.0,168.0,64.0,38.0,53.51132372103558,53.51132372103558
90,90,lttechnologyservices,0.98,48726,114.15  (+18.65% YoY),4655.0,- -,23,6917.3,"Attribute
Minority Interest    18.00
Minority Interest    -4.30
Minority Interest    -4.30
Name: First Date, dtype: object",1305.1,4950.9,5141.0,689.9,2108.8,1513.9,0.0,0.0,1643.7,43.5,"Attribute
Other Income    208.00
Other Income    208.00
Name: First Date, dtype: object",-571.8,0.0,2342.3,1513.9,828.4000000000001,18.0,208.0,1479.2,0.3471485566768364,0.1016069449575175,-64.61,48679.39,0.0303865763313796,74.0,19.0,152.0,28.0,32.0,1.5471959838826872,1.5471959838826872
91,91,ltimindtree,1.1,161967,150.52  (+8.22% YoY),5475.0,- -,23,23496.1,"Attribute
Minority Interest     7.10
Minority Interest    -2.00
Minority Interest    -2.00
Name: First Date, dtype: object",3094.6,16592.1,17185.8,2932.0,4741.8,5482.6,0.0,125.3,5791.5,150.4,"Attribute
Other Income    556.90
Other Income    556.90
Name: First Date, dtype: object",-330.9,3.3,9512.0,5357.3,4154.7,7.1,556.9,5385.0,0.3906306672276467,0.102441238029969,-722.45,161251.65,0.0333950071208573,70.0,13.0,137.0,17.0,24.0,1.7755212513766263,1.7749052694454297
92,92,larsentoubro,0.83,406211,80.12  (+22.41% YoY),2926.95,- -,23,330352.31,"Attribute
Minority Interest    14241.27
Minority Interest    -2059.90
Minority Interest    -2059.90
Name: First Date, dtype: object",22776.96,89325.95,222204.32,22519.6,35573.42,162065.99,61217.68,57295.7,16973.04,3207.16,"Attribute
Other Income    2929.17
Other Income    2929.17
Name: First Date, dtype: object",-8311.7,6828.78,164111.3,104770.29,59341.01,14241.27,2929.17,17251.03,0.0930879297093731,0.219900371974171,61216.3,481668.57,0.0358151456716389,67.0,115.0,247.0,107.0,85.0,1.5663915791394678,1.5012129870023267
93,93,lauruslabs,0.51,21282,10.46  (-32.88% YoY),393.7,- -,23,7660.4,"Attribute
Minority Interest    11.13
Minority Interest    -3.32
Minority Interest    -3.32
Name: First Date, dtype: object",993.9,4037.53,3461.68,48.46,0.0,2432.26,761.42,1210.55,1108.94,165.17,"Attribute
Other Income    6.00
Other Income    6.00
Name: First Date, dtype: object",-996.06,1684.81,3413.22,1221.7100000000005,2191.5099999999998,11.13,6.0,1268.11,0.2127330130312831,0.1897157222065595,-1933.73,19359.4,0.0655035796563943,34.0,47.0,172.0,15.0,41.0,2.793805403901088,1.4147465437788012
94,94,lupin,0.35,52330,21.34  (+144.93% YoY),1135.0,- -,23,22955.93,"Attribute
Minority Interest     78.32
Minority Interest    -17.61
Minority Interest    -17.61
Name: First Date, dtype: object",1897.24,12464.5,12451.3,1293.13,439.77,9265.37,27.51,4216.54,716.49,274.3,"Attribute
Other Income    73.36
Other Income    73.36
Name: First Date, dtype: object",-1286.77,4491.76,10718.399999999998,5048.830000000001,5669.569999999997,78.32,73.36,917.43,0.0595137855471988,0.2381903305943053,-2633.23,49775.09,0.0184315086120386,100.0,136.0,348.0,132.0,127.0,2.122947296700423,1.233283750888819
95,95,mrf,0.16,46485,"2,909.85  (0.00% YoY)",109000.0,- -,23,24369.41,"Attribute
Minority Interest     0.16
Minority Interest    -0.01
Minority Interest       --
Name: First Date, dtype: object",2755.47,14707.66,9243.68,258.49,1974.84,7495.32,823.58,1605.92,1069.74,319.0,"Attribute
Other Income    252.67
Other Income    252.67
Name: First Date, dtype: object",-1923.47,4141.05,7010.35,5889.4,1120.9500000000007,0.16,252.67,1136.07,0.0673080284169309,0.3163958266107346,2411.6,48896.76,0.0232340547717272,88.0,130.0,353.0,126.0,128.0,1.1903334804903727,0.48719733758956774
96,96,mahindramahindrafinancialservices,1.94,38240,17.74  (-25.70% YoY),301.6,- -,23,105084.77,"Attribute
Minority Interest    141.35
Minority Interest      1.20
Minority Interest      1.20
Name: First Date, dtype: object",-17395.31,18560.09,102348.38,4066.91,10063.13,48586.64,37274.16,44154.4,2816.5,5094.3,"Attribute
Other Income    132.87
Other Income    132.87
Name: First Date, dtype: object",-1635.37,0.0,88218.34,4432.239999999998,83786.1,141.35,132.87,7777.93,0.0810862063177753,0.4853580020920502,,,,148.0,124.0,,146.0,,19.9037822861578,19.9037822861578
97,97,mahindramahindra,0.99,203193,93.24  (+24.22% YoY),1620.1,- -,23,205891.77,"Attribute
Minority Interest    10716.32
Minority Interest    -1092.98
Minority Interest    -1092.98
Name: First Date, dtype: object",-7074.02,56365.79,91325.44,11273.43,14265.92,70579.41,55027.39,33739.62,11305.27,5829.7,"Attribute
Other Income    1206.49
Other Income    1206.49
Name: First Date, dtype: object",-8547.26,16854.97,65786.09000000001,36839.79,28946.30000000001,10716.32,1206.49,15928.48,0.1189941354124108,0.2774002549300419,-570.0600000000001,213339.26,0.0746626757775385,29.0,91.0,177.0,48.0,45.0,1.785734663525498,1.3282138687544096
98,98,manappuramfinance,2.15,11825,20.20  (+45.64% YoY),143.2,- -,23,39504.13,"Attribute
Minority Interest    20.34
Minority Interest    -4.19
Minority Interest    -4.19
Name: First Date, dtype: object",-3103.24,9644.89,38115.43,3035.1,534.01,22944.8,6658.29,21824.65,2041.05,2187.79,"Attribute
Other Income    65.91
Other Income    65.91
Name: First Date, dtype: object",-616.16,0.0,34546.32,1120.1499999999978,33426.17,20.34,65.91,4162.93,0.1186265645334518,0.8156355179704017,-12173.0,-327.66,-12.705029603857655,140.0,92.0,261.0,131.0,94.0,30.84079810739639,30.84079810739639
99,99,marico,0.78,74317,10.50  (+9.15% YoY),582.0,- -,23,6946.0,"Attribute
Minority Interest    157.00
Minority Interest    -20.00
Minority Interest    -20.00
Name: First Date, dtype: object",1419.0,3799.0,3820.0,756.0,578.0,2429.0,2.0,473.0,1743.0,56.0,"Attribute
Other Income    144.00
Other Income    144.00
Name: First Date, dtype: object",-929.0,1225.0,2486.0,1956.0,530.0,157.0,144.0,1655.0,0.4704377487208641,0.0511188557126902,-11839.69,62634.31,0.0264232175623871,81.0,8.0,158.0,23.0,34.0,1.270961145194274,0.6446830265848671
100,100,marutisuzukiindia,0.87,312555,321.11  (+118.38% YoY),10494.05,- -,23,84596.9,"Attribute
Minority Interest    0.00
Minority Interest    0.00
Minority Interest      --
Name: First Date, dtype: object",9251.4,61791.3,11615.6,41.6,0.0,20107.3,0.0,1215.8,10145.7,187.0,"Attribute
Other Income    2140.70
Other Income    2140.70
Name: First Date, dtype: object",-8036.1,4283.5,11574.0,18891.5,-7317.5,0.0,2140.7,8192.0,0.1301029929088151,0.1976973652637136,-1201.46,311353.54,0.0263109261580902,82.0,84.0,229.0,98.0,71.0,0.6126564857210915,0.38591430008204747
101,101,maxfinancialservices,0.0,32253,11.87  (+41.98% YoY),935.1,- -,23,131823.78,"Attribute
Minority Interest    450.26
Minority Interest    -73.41
Minority Interest    -73.41
Name: First Date, dtype: object",9922.28,3518.24,129612.2,1044.46,5430.88,126491.9,520.66,0.0,527.21,37.46,"Attribute
Other Income    18.39
Other Income    18.39
Name: First Date, dtype: object",-9227.65,0.0,123136.86,126491.9,-3355.040000000008,450.26,18.39,546.2800000000001,0.1824314396013946,0.1090825659628561,3267.7000000000003,35970.96,0.0151866950451141,108.0,57.0,316.0,94.0,120.0,0.9734762463050994,0.9734762463050994
102,102,metropolishealthcare,0.55,7495,27.00  (-19.99% YoY),1492.35,- -,23,1501.61,"Attribute
Minority Interest     2.48
Minority Interest    -0.51
Minority Interest    -0.51
Name: First Date, dtype: object",247.09,988.23,302.73,93.19,13.06,264.97,28.61,50.44,187.5,26.8,"Attribute
Other Income    15.22
Other Income    15.22
Name: First Date, dtype: object",46.79,44.59,196.48,214.53000000000003,-18.05000000000001,2.48,15.22,199.08,0.2043753657259596,0.1318519012675116,41219.0,48716.48,0.0040865021446541,130.0,50.0,268.0,106.0,99.0,0.9158625833216798,0.7080128653335196
103,103,mphasis,2.01,46812,86.56  (+9.04% YoY),2470.95,- -,23,11609.46,"Attribute
Minority Interest    0.00
Minority Interest    0.00
Minority Interest      --
Name: First Date, dtype: object",1461.77,7934.84,5953.03,1053.44,1367.88,2797.84,0.0,198.48,2173.06,97.26,"Attribute
Other Income    161.60
Other Income    161.60
Name: First Date, dtype: object",182.48,0.0,3531.71,2599.36,932.35,0.0,161.6,2108.7200000000003,0.2978468561614039,0.1695044005810476,2490.8,49302.8,0.042770795979133,56.0,26.0,112.0,16.0,18.0,1.358684445401945,1.358684445401945
104,104,multicommodityexchangeindia,1.11,8769,24.94  (-12.35% YoY),1739.9,- -,23,3022.75,"Attribute
Minority Interest    0.00
Minority Interest    0.00
Minority Interest      --
Name: First Date, dtype: object",141.42,2069.06,1625.94,1177.86,202.4,897.6,0.0,0.0,195.55,0.21,"Attribute
Other Income    67.66
Other Income    67.66
Name: First Date, dtype: object",-8.08,0.0,245.68000000000012,897.6,-651.9199999999998,0.0,67.66,128.10000000000002,0.1437387791741472,0.235951647850382,-74.20000000000002,8694.8,0.0147329438284951,110.0,76.0,237.0,110.0,78.0,0.2737076648841356,0.2737076648841356
105,105,muthootfinance,1.69,52190,95.03  (-1.14% YoY),1329.0,- -,23,80148.92,"Attribute
Minority Interest    487.05
Minority Interest    -57.47
Minority Interest    -57.47
Name: First Date, dtype: object",0.0,21665.75,79490.95,8035.66,545.71,57469.39,0.0,55533.51,4922.78,4209.18,"Attribute
Other Income    77.34
Other Income    77.34
Name: First Date, dtype: object",0.0,0.0,70909.57999999999,1935.8799999999972,68973.69999999998,487.05,77.34,9054.62,0.1309159731419417,0.4151322092354857,,,,148.0,83.0,,130.0,,36.62911957352733,36.62911957352733
106,106,nmdc,4.46,43388,19.82  (-23.92% YoY),148.0,- -,23,28247.71,"Attribute
Minority Interest    14.23
Minority Interest    -1.10
Minority Interest    -1.10
Name: First Date, dtype: object",2465.61,22620.83,15807.21,7097.75,0.0,4201.36,0.0,415.98,6409.34,75.23,"Attribute
Other Income    768.22
Other Income    768.22
Name: First Date, dtype: object",43.29,2660.58,8709.46,3785.38,4924.08,14.23,768.22,5716.349999999999,0.3586378368611448,0.5213614363418457,26154.95,69557.18,0.08218202635587,27.0,16.0,54.0,5.0,5.0,2.3008152417987096,1.5979584612377091
107,107,ntpc,3.0,234417,18.41  (+3.78% YoY),241.5,- -,23,446021.45,"Attribute
Minority Interest    3930.45
Minority Interest    -208.80
Minority Interest    -208.80
Name: First Date, dtype: object",40051.55,147023.17,81168.33,4948.53,50.0,87485.45,187883.57,31921.61,23550.82,11156.06,"Attribute
Other Income    1770.24
Other Income    1770.24
Name: First Date, dtype: object",-26107.2,14240.37,76169.8,55563.84,20605.960000000006,3930.45,1770.24,32936.64,0.0910154094804181,0.6271864668518069,-689.9,237657.55,0.1385886541370135,12.0,116.0,148.0,58.0,30.0,1.3708519785529583,1.1145635362854691
108,108,nationalaluminiumcompany,4.73,17457,6.59  (-61.72% YoY),94.25,- -,23,17626.61,"Attribute
Minority Interest    0.00
Minority Interest    0.00
Minority Interest      --
Name: First Date, dtype: object",908.24,13126.38,5296.81,2117.5,145.58,2885.64,0.0,47.75,1954.99,12.92,"Attribute
Other Income    235.63
Other Income    235.63
Name: First Date, dtype: object",-334.25,1840.22,3033.7300000000005,2837.89,195.8400000000006,0.0,235.63,1732.2800000000002,0.156673416764421,0.751926447843272,-2932.0,14525.0,0.1192619621342513,17.0,71.0,97.0,21.0,11.0,1.0690090172628257,0.42056246013763765
109,109,navinfluorineinternational,0.27,22383,73.08  (+28.59% YoY),4449.0,- -,23,3529.29,"Attribute
Minority Interest    0.00
Minority Interest    0.00
Minority Interest      --
Name: First Date, dtype: object",-63.59,2184.95,1466.17,34.81,31.11,521.48,753.13,95.52,495.88,27.52,"Attribute
Other Income    35.73
Other Income    35.73
Name: First Date, dtype: object",-655.62,468.12,1400.2500000000002,425.96,974.2900000000002,0.0,35.73,487.67,0.1626222576439163,0.0976164946611267,38698.08,61081.08,0.0079839780174155,123.0,66.0,315.0,113.0,118.0,3.2872804958212045,2.1883040661094944
110,110,oberoirealty,0.35,41558,50.14  (+33.12% YoY),1153.25,- -,23,18641.0,"Attribute
Minority Interest    0.00
Minority Interest    0.00
Minority Interest      --
Name: First Date, dtype: object",-2383.04,12210.12,12456.38,512.92,283.66,3287.84,2880.64,1063.45,2003.48,169.05,"Attribute
Other Income    100.62
Other Income    100.62
Name: First Date, dtype: object",1135.66,8543.09,11659.8,2224.3900000000003,9435.41,0.0,100.62,2071.9100000000003,0.1324641381880906,0.2938091342220511,712.9599999999999,42270.96,0.0490149738733163,48.0,82.0,243.0,61.0,82.0,5.24179662738998,1.4011526755649857
111,111,oilnaturalgascorporation,5.98,236761,29.33  (-28.32% YoY),186.45,- -,23,614528.73,"Attribute
Minority Interest    20607.74
Minority Interest     2662.87
Minority Interest     2662.87
Name: First Date, dtype: object",84211.33,280647.3,114150.53,29140.33,5168.9,132270.18,98359.55,30826.01,51154.64,7889.36,"Attribute
Other Income    8074.08
Other Income    8074.08
Name: First Date, dtype: object",-73209.0,44238.07,79841.3,101444.17,-21602.869999999995,20607.74,8074.08,50969.92,0.1338873657436882,1.1853611870198215,-1265.62,256103.12,0.1990210818204791,7.0,81.0,92.0,22.0,10.0,0.7870467075633819,0.3509637862875708
112,112,oraclefinancialservicessoftware,5.33,36527,209.77  (-2.43% YoY),4253.0,- -,23,9275.54,"Attribute
Minority Interest    0.00
Minority Interest    0.00
Minority Interest      --
Name: First Date, dtype: object",1758.42,7458.91,7168.88,5469.74,0.0,1094.13,0.0,0.0,2569.9,12.66,"Attribute
Other Income     24.56
Other Income    191.84
Name: First Date, dtype: object",137.14,0.0,1699.1400000000003,1094.13,605.0100000000002,0.0,24.56,2558.0,1.2859634923108634,0.2042026446190489,565.09,37092.09,0.0689634905986694,32.0,3.0,40.0,3.0,2.0,1.552959885936772,1.552959885936772
113,113,piindustries,0.29,53124,88.99  (+47.19% YoY),3566.0,- -,23,8479.7,"Attribute
Minority Interest    0.00
Minority Interest    0.00
Minority Interest      --
Name: First Date, dtype: object",1501.4,7198.5,5662.3,2242.9,984.3,1181.8,0.0,0.0,1437.5,37.1,"Attribute
Other Income    159.00
Other Income    159.00
Name: First Date, dtype: object",-496.2,1397.6,2435.1000000000004,1181.8,1253.3000000000004,0.0,159.0,1315.6,0.2654774396642182,0.1355037271289812,-227.87,52896.13,0.0248713847307922,86.0,32.0,243.0,47.0,83.0,2.060500930783551,0.8778981215095621
114,114,pvrinox,0.0,16774,-47.98,1701.0,- -,23,16476.43,"Attribute
Minority Interest    -0.67
Minority Interest     1.33
Minority Interest     1.33
Name: First Date, dtype: object",863.9,7329.85,849.79,361.6,0.21,2051.31,1272.28,520.36,-198.17,571.62,"Attribute
Other Income    79.08
Other Income    79.08
Name: First Date, dtype: object",-575.86,66.37,487.98,1530.9499999999998,-1042.9699999999998,-0.67,79.08,294.37000000000006,0.0336004675324082,0.4369768689638726,33207.25,49980.58,0.0058896875546462,126.0,145.0,423.0,145.0,137.0,0.3187432639864137,0.27539109703125514
115,115,persistentsystems,0.86,44514,121.97  (+24.16% YoY),5838.0,- -,23,6619.15,"Attribute
Minority Interest    0.00
Minority Interest    0.00
Minority Interest      --
Name: First Date, dtype: object",955.76,3965.08,3517.9,903.28,187.97,1958.11,205.76,222.75,1270.51,47.34,"Attribute
Other Income    70.62
Other Income    70.62
Name: First Date, dtype: object",-421.31,0.0,2426.65,1735.36,691.2900000000002,0.0,70.62,1247.23,0.3573407519675902,0.0890748977849665,43753.96,88267.95999999999,0.0141300422033091,113.0,17.0,194.0,62.0,54.0,1.3983553844735388,1.3983553844735388
116,116,petronetlng,4.17,35940,22.80  (-2.08% YoY),236.9,- -,23,22752.49,"Attribute
Minority Interest    0.00
Minority Interest    0.00
Minority Interest      --
Name: First Date, dtype: object",2569.02,15264.56,11846.97,5685.79,869.7,2900.4,0.0,0.0,4282.17,330.51,"Attribute
Other Income    523.07
Other Income    523.07
Name: First Date, dtype: object",-1192.22,1153.05,5291.48,2900.4,2391.0799999999995,0.0,523.07,4089.61,0.4269452132163106,0.4247234279354479,3623.19,39563.19,0.1033690660434611,20.0,10.0,42.0,2.0,3.0,1.8243966349469036,1.4268480209626255
117,117,pidiliteindustries,0.44,127075,27.29  (+3.43% YoY),2511.95,- -,23,10525.02,"Attribute
Minority Interest    233.64
Minority Interest    -15.62
Minority Interest    -15.62
Name: First Date, dtype: object",1557.57,7212.28,4561.52,326.65,531.2,2410.62,0.0,163.26,1716.6,47.64,"Attribute
Other Income    49.61
Other Income    49.61
Name: First Date, dtype: object",-898.95,1817.08,3703.670000000001,2247.36,1456.3100000000013,233.64,49.61,1714.63,0.2432482277351469,0.0567560889238638,-754.0,126554.64,0.0135485352413787,115.0,37.0,255.0,81.0,90.0,1.6480092197066785,0.8394694218994736
118,118,piramalenterprises,2.9,25488,97.29  (+23.51% YoY),1075.0,- -,23,83752.16,"Attribute
Minority Interest    0.00
Minority Interest    0.00
Minority Interest      --
Name: First Date, dtype: object",1359.34,31059.08,78181.24,4649.08,22331.79,21820.69,29846.17,19537.8,-2464.34,3994.32,"Attribute
Other Income    152.44
Other Income    152.44
Name: First Date, dtype: object",-351.24,0.0,51200.37,2282.8899999999994,48917.48,0.0,152.44,1377.54,0.0181747967549397,1.218576585059636,-41.6,25446.4,0.0541349660462776,45.0,147.0,213.0,116.0,62.0,22.4278743172032,22.4278743172032
119,119,polycabindia,0.38,79311,96.63  (+37.11% YoY),5140.0,- -,23,9425.48,"Attribute
Minority Interest     37.38
Minority Interest    -12.30
Minority Interest    -12.30
Name: First Date, dtype: object",1427.52,6630.86,6908.75,695.24,1350.5,2626.56,4.21,150.94,1716.52,59.76,"Attribute
Other Income    133.33
Other Income    133.33
Name: First Date, dtype: object",-1202.65,2951.38,4863.01,2475.62,2387.3900000000003,37.38,133.33,1642.95,0.2697442195321774,0.0836058049955239,-523.8000000000001,78824.58,0.0208431177178489,94.0,31.0,234.0,54.0,75.0,1.9643604430405315,0.7721823220041849
120,120,powerfinancecorporation,4.62,75744,64.58  (+22.21% YoY),289.0,- -,23,896111.86,"Attribute
Minority Interest    27822.79
Minority Interest    -5289.26
Minority Interest    -5289.26
Name: First Date, dtype: object",-74698.93,84158.49,886782.94,4101.02,5972.89,783174.34,0.0,751157.52,26496.06,47016.78,"Attribute
Other Income    56.89
Other Income    56.89
Name: First Date, dtype: object",-1693.58,0.0,876709.0299999999,32016.81999999995,844692.21,27822.79,56.89,73455.95,0.0883717821306374,1.1110911755386566,-64.58,103502.21,0.7097041696017892,2.0,118.0,130.0,49.0,22.0,27.38276412210836,27.38276412210836
121,121,powergridcorporationindia,7.21,190337,16.36  (-21.98% YoY),198.7,- -,23,250295.55,"Attribute
Minority Interest    0.00
Minority Interest    0.00
Minority Interest      --
Name: First Date, dtype: object",38004.74,83014.51,34902.81,7384.58,0.0,38305.81,113891.29,12703.61,17535.17,9633.94,"Attribute
Other Income    1024.36
Other Income    1024.36
Name: First Date, dtype: object",-6125.7,1339.95,27518.23,25602.2,1916.0299999999988,0.0,1024.36,26144.75,0.1292855580593145,0.4361448903786442,-1053.44,189283.56,0.1381247795635289,13.0,85.0,101.0,31.0,13.0,1.0748384904422277,1.0225011913038722
122,122,rec,4.95,66963,44.36  (-14.29% YoY),250.35,- -,23,465502.75,"Attribute
Minority Interest    0.00
Minority Interest    0.00
Minority Interest      --
Name: First Date, dtype: object",-37359.77,57528.81,461171.32,2395.61,3170.0,163477.89,243675.63,137114.13,13897.67,23733.33,"Attribute
Other Income    41.90
Other Income    41.90
Name: First Date, dtype: object",-942.95,0.0,455605.71,26363.76000000001,429241.95,0.0,41.9,37589.1,0.0862287684961581,0.8591133909771067,-1177.86,65785.14,0.5713919587311055,3.0,119.0,129.0,50.0,21.0,17.281514852206204,17.281514852206204
123,123,relianceindustries,0.38,1611730,95.71  (-2.47% YoY),2423.05,- -,23,1607431.0,"Attribute
Minority Interest    113009.00
Minority Interest     -7386.00
Minority Interest     -7386.00
Name: First Date, dtype: object",115032.0,715871.0,425296.0,68664.0,118473.0,395744.0,183176.0,130790.0,94022.0,19571.0,"Attribute
Other Income    11734.00
Other Income    11826.00
Name: First Date, dtype: object",-91235.0,140008.0,238159.0,264954.0,-26795.0,113009.0,11734.0,101859.0,0.105973638460506,0.4441631042420256,-8035.66,1716703.34,0.0593340722457032,39.0,102.0,251.0,72.0,87.0,0.8988692376789933,0.37044543581149936
124,124,srf,0.31,68766,64.56  (-8.94% YoY),2365.0,- -,23,18754.52,"Attribute
Minority Interest    0.00
Minority Interest    0.00
Minority Interest      --
Name: First Date, dtype: object",2901.71,10327.05,5774.95,616.46,490.05,4916.6,2311.52,2042.54,2823.99,204.82,"Attribute
Other Income    74.93
Other Income    74.93
Name: First Date, dtype: object",-2961.41,2274.29,4668.44,2874.0600000000004,1794.3799999999992,0.0,74.93,2953.88,0.2100215789230446,0.1501766861530407,-7097.75,61668.25,0.0478995269040389,53.0,48.0,219.0,33.0,66.0,1.6243363047396362,0.83302018746999
125,125,samvardhanamothersoninternational,0.66,66849,2.89  (+80.14% YoY),99.5,- -,23,61851.7,"Attribute
Minority Interest    1925.40
Minority Interest    -174.00
Minority Interest    -174.04
Name: First Date, dtype: object",4643.0,22451.5,26779.2,4698.7,2.9,27515.4,6618.3,5547.4,2548.0,780.9,"Attribute
Other Income    257.00
Other Income    257.04
Name: First Date, dtype: object",-2244.8,7822.8,22077.6,21968.0,109.59999999999854,1925.4,257.0,3071.9,0.1026756020522419,0.3358539394755344,182935.04,251709.44,0.0122041509448354,119.0,106.0,303.0,128.0,114.0,1.0049890750182082,0.6488892935178441
126,126,shreecements,0.38,94199,433.33  (-21.10% YoY),26349.95,- -,23,26333.94,"Attribute
Minority Interest    40.56
Minority Interest     1.56
Minority Interest     1.56
Name: First Date, dtype: object",2568.74,18636.4,8967.93,160.93,3397.89,6732.12,580.87,1958.97,1495.04,262.87,"Attribute
Other Income    459.08
Other Income    459.08
Name: First Date, dtype: object",-2414.49,2759.68,5409.110000000001,4773.15,635.960000000001,40.56,459.08,1298.83,0.0618039895676057,0.1978407414091444,-2117.5,92122.06,0.0140990116808069,114.0,133.0,358.0,137.0,129.0,1.1332369609167952,0.5550695033677971
127,127,shriramfinance,1.82,71988,156.09  (+20.03% YoY),1900.0,- -,23,210600.15,"Attribute
Minority Interest    286.68
Minority Interest     -8.99
Minority Interest     -8.99
Name: First Date, dtype: object",-17625.25,43512.86,203615.69,16306.95,7430.07,80535.29,85657.49,78544.75,8213.72,12931.27,"Attribute
Other Income    31.61
Other Income    31.61
Name: First Date, dtype: object",-193.04,0.0,179878.66999999998,1990.5399999999936,177888.13,286.68,31.61,21113.38,0.1103055434159935,0.604446018780908,718.3199999999999,72993.0,0.2892521200663077,4.0,100.0,136.0,35.0,23.0,90.36676982125482,90.36676982125482
128,128,steelauthorityindia,1.57,39385,3.84  (-82.67% YoY),96.45,- -,23,130481.09,"Attribute
Minority Interest    0.01
Minority Interest    0.00
Minority Interest      --
Name: First Date, dtype: object",-5290.15,54746.67,42629.91,550.64,0.0,49334.28,6112.58,19549.2,1988.78,2037.47,"Attribute
Other Income    950.36
Other Income    950.36
Name: First Date, dtype: object",-3370.98,32400.19,42079.27,29785.08,12294.190000000006,0.01,950.36,3075.89,0.0385170843027125,1.3900385933731116,2367.72,41752.73,0.0736691948047468,30.0,144.0,213.0,100.0,63.0,1.4127633701168503,0.32496404239975174
129,129,sunpharmaceuticalindustries,1.0,276679,35.16  (+116.89% YoY),1148.0,- -,23,80743.59,"Attribute
Minority Interest    3320.09
Minority Interest     -39.36
Minority Interest     -39.36
Name: First Date, dtype: object",4959.33,55995.38,39883.34,5770.29,9372.61,19907.0,0.0,6197.88,9579.88,172.0,"Attribute
Other Income    634.52
Other Income    634.52
Name: First Date, dtype: object",-7943.68,10513.05,24740.439999999995,13709.12,11031.319999999996,3320.09,634.52,9117.36,0.1615895086699618,0.2023839178253499,69219.22,349218.31,0.0261079094048648,83.0,68.0,207.0,80.0,59.0,1.8046701757662047,1.0378047606265022
130,130,suntvnetwork,2.53,23397,45.79  (+1.92% YoY),592.0,- -,23,10148.08,"Attribute
Minority Interest     5.58
Minority Interest    -0.51
Minority Interest    -0.51
Name: First Date, dtype: object",2095.51,9271.59,5950.89,598.57,3626.18,823.55,0.0,0.0,2274.63,9.42,"Attribute
Other Income    377.05
Other Income    377.05
Name: First Date, dtype: object",-1553.88,0.0,1726.1400000000008,823.55,902.5900000000008,5.58,377.05,1907.0,0.219877274582556,0.3962725990511604,-5469.74,17932.840000000004,0.1063412153345482,18.0,45.0,89.0,8.0,9.0,2.0959747434885565,2.0959747434885565
131,131,syngeneinternational,0.06,32039,12.03  (+23.07% YoY),800.0,- -,23,5831.0,"Attribute
Minority Interest    0.00
Minority Interest    0.00
Minority Interest      --
Name: First Date, dtype: object",823.5,3618.0,2425.3,531.7,824.4,1188.2,489.0,86.3,593.6,45.2,"Attribute
Other Income    70.90
Other Income    70.90
Name: First Date, dtype: object",-656.4,332.8,1069.2000000000005,1101.9,-32.69999999999982,0.0,70.9,567.9000000000001,0.1550961328381035,0.1129248728112612,-2242.9,29796.1,0.0190595413493712,99.0,73.0,311.0,99.0,117.0,0.9703239858426358,0.6683002087303752
132,132,tvsmotorcompany,0.33,71838,30.68  (+35.88% YoY),1524.5,- -,23,35232.91,"Attribute
Minority Interest    404.85
Minority Interest     19.21
Minority Interest     19.21
Name: First Date, dtype: object",-4404.83,5505.0,17007.23,1879.11,191.92,19218.7,9064.08,12562.15,1978.63,1367.89,"Attribute
Other Income    138.00
Other Income    138.00
Name: First Date, dtype: object",-1307.74,1921.51,14936.2,6656.550000000001,8279.649999999998,404.85,138.0,3208.5200000000004,0.1270594310497494,0.0766307525265179,910.68,73153.53,0.043860084400575,55.0,86.0,257.0,73.0,91.0,2.243835019642307,1.9551704711900306
133,133,tatachemicals,1.67,26693,88.71  (+45.13% YoY),1056.15,- -,23,35084.0,"Attribute
Minority Interest     921.00
Minority Interest    -117.00
Minority Interest    -117.00
Name: First Date, dtype: object",2971.0,19721.0,8164.0,665.0,1270.0,4904.0,5540.0,543.0,2742.0,406.0,"Attribute
Other Income    218.00
Other Income    218.00
Name: First Date, dtype: object",-1186.0,2532.0,6229.0,4361.0,1868.0,921.0,218.0,2930.0,0.1165519710410119,0.7388079271719177,-8.1,27605.9,0.1061367316406999,19.0,94.0,147.0,43.0,29.0,1.4283421233662004,0.8477413437285026
134,134,tatacommunications,1.11,53742,57.33  (-5.52% YoY),1885.05,- -,23,20552.62,"Attribute
Minority Interest    30.34
Minority Interest    -4.91
Minority Interest    -4.91
Name: First Date, dtype: object",4384.35,1518.26,5810.99,1062.57,759.56,9785.94,5008.58,2524.9,1987.11,432.46,"Attribute
Other Income    363.15
Other Income    363.15
Name: First Date, dtype: object",-1841.63,160.0,3988.86,7261.040000000001,-3272.1800000000007,30.34,363.15,2056.42,0.2574009565449226,0.028250902459901,-697.52,53074.82,0.0387456801549209,61.0,33.0,146.0,30.0,28.0,0.5493510571488381,0.5273156462435132
135,135,tataconsultancyservices,3.19,1319472,119.55  (+12.78% YoY),3580.0,- -,23,143651.0,"Attribute
Minority Interest     782.00
Minority Interest    -156.00
Minority Interest    -156.00
Name: First Date, dtype: object",41965.0,90424.0,110270.0,11032.0,36897.0,43558.0,0.0,0.0,56907.0,779.0,"Attribute
Other Income    3449.00
Other Income    3449.00
Name: First Date, dtype: object",39.0,28.0,62341.0,43558.0,18783.0,782.0,3449.0,54237.0,0.6831544740024184,0.0685304424800223,-5685.79,1314568.21,0.0412584144264374,59.0,4.0,82.0,9.0,8.0,1.431218145920382,1.4305753248542175
136,136,tataconsumerproducts,0.97,80796,13.62  (+24.76% YoY),880.8,- -,23,22811.13,"Attribute
Minority Interest     850.17
Minority Interest    -116.37
Minority Interest    -116.37
Name: First Date, dtype: object",1461.29,16276.71,8308.58,2796.94,754.74,3924.68,206.12,976.7,1634.11,87.16,"Attribute
Other Income    168.88
Other Income    168.88
Name: First Date, dtype: object",-827.82,2701.67,4756.9,2947.98,1808.92,850.17,168.88,1552.39,0.1058742009426711,0.2014544036833506,-326.65,81319.52,0.0190900044663323,98.0,103.0,261.0,121.0,95.0,1.6136133895073914,0.6971655167267077
137,137,tatamotors,0.31,212130,31.98  (+202.08% YoY),640.7,- -,23,336081.38,"Attribute
Minority Interest    7277.72
Minority Interest    -275.58
Minority Interest    -275.58
Name: First Date, dtype: object",35388.01,45319.33,151528.47,37015.56,18838.31,155027.33,88695.81,36964.66,1467.02,10225.48,"Attribute
Other Income    4633.19
Other Income    4633.18
Name: First Date, dtype: object",-16804.16,40755.39,95674.6,118062.66999999998,-22388.069999999974,7277.72,4633.19,7059.31,0.0526954805252506,0.2136394192240607,25197.09,244604.81,0.0288600620731865,78.0,139.0,336.0,125.0,123.0,0.8103713053414768,0.46516998133279563
138,138,thetatapowercompany,0.76,83718,11.00  (+63.88% YoY),265.35,- -,23,128349.04,"Attribute
Minority Interest    5416.69
Minority Interest    -473.23
Minority Interest    -473.23
Name: First Date, dtype: object",7159.13,28787.43,39525.0,11206.53,1149.6,45328.12,30708.49,18265.94,1333.49,4371.65,"Attribute
Other Income    1438.02
Other Income    1438.02
Name: First Date, dtype: object",-7375.25,3942.88,27168.870000000003,27062.180000000004,106.68999999999868,5416.69,1438.02,4267.119999999999,0.0641138733742286,0.3438618934996058,-691.03,88443.66,0.0482467595755308,51.0,131.0,254.0,108.0,88.0,1.003942402275057,0.8582453446100794
139,139,tatasteel,2.81,156802,1.33  (-95.84% YoY),130.45,- -,23,288021.74,"Attribute
Minority Interest    2093.11
Minority Interest     685.05
Minority Interest     685.05
Name: First Date, dtype: object",21683.08,103082.1,86665.54,13357.26,3630.06,97295.13,51446.33,26571.37,17703.74,6298.7,"Attribute
Other Income    1037.48
Other Income    1037.48
Name: First Date, dtype: object",-18679.84,54415.33,69678.22,70723.76000000001,-1045.540000000008,2093.11,1037.48,22964.960000000003,0.1369059989195347,0.6574029667988929,-4101.02,154794.09,0.1483581188403252,10.0,79.0,111.0,24.0,16.0,0.9852165665400142,0.2158099343134471
140,140,techmahindra,3.92,124251,45.05  (-25.96% YoY),1282.0,- -,23,46153.3,"Attribute
Minority Interest    470.20
Minority Interest    -25.70
Minority Interest    -25.70
Name: First Date, dtype: object",5572.0,27923.2,24432.7,4254.7,2783.2,14551.4,128.8,1449.4,6474.5,325.6,"Attribute
Other Income    965.00
Other Income    965.00
Name: First Date, dtype: object",-278.5,23.6,17394.8,13102.0,4292.799999999999,470.2,965.0,5835.1,0.2311232755171963,0.2247321953143234,106506.71,231227.91,0.0252352754475011,84.0,41.0,138.0,55.0,25.0,1.3276446344069608,1.3258433826896658
141,141,theramcocements,0.23,20664,11.85  (-65.81% YoY),884.3,- -,23,14594.74,"Attribute
Minority Interest     7.00
Minority Interest    -0.23
Minority Interest    -0.23
Name: First Date, dtype: object",1411.5,6861.06,1886.87,170.33,0.0,3088.09,3622.16,865.26,471.98,240.52,"Attribute
Other Income    32.93
Other Income    32.93
Name: First Date, dtype: object",-1694.13,883.61,1716.54,2222.83,-506.29,7.0,32.93,679.57,0.0607944964059347,0.3320296167247387,,,,148.0,134.0,,149.0,,0.7722317946041758,0.37471601516985104
142,142,titancompany,0.3,293560,36.25  (+9.81% YoY),3314.0,- -,23,27023.0,"Attribute
Minority Interest     53.00
Minority Interest    -24.00
Minority Interest    -24.00
Name: First Date, dtype: object",1370.0,11851.0,22407.0,1343.0,2164.0,13264.0,0.0,7494.0,4446.0,300.0,"Attribute
Other Income    308.00
Other Income    308.00
Name: First Date, dtype: object",-1811.0,16584.0,18900.0,5770.0,13130.0,53.0,308.0,4438.0,0.2465281635373847,0.0403699414089112,,,,148.0,35.0,,109.0,,3.2755632582322356,0.40138648180242636
143,143,torrentpharmaceuticals,1.17,63768,37.23  (-21.34% YoY),1887.4,- -,23,15011.85,"Attribute
Minority Interest    0.00
Minority Interest    0.00
Minority Interest      --
Name: First Date, dtype: object",2368.13,6198.07,5329.18,571.46,156.09,5447.3,2496.22,2801.08,1847.16,333.44,"Attribute
Other Income    45.14
Other Income    45.00
Name: First Date, dtype: object",-2415.31,2229.64,4601.63,2646.2200000000003,1955.41,0.0,45.14,2135.46,0.1954849499858567,0.0971971835403337,241280.02,305048.02,0.0070004060344335,124.0,53.0,226.0,102.0,70.0,1.7389446077801543,0.8963691605384284
144,144,trent,0.11,73287,13.72  (+34.39% YoY),2052.0,- -,23,8081.53,"Attribute
Minority Interest    67.48
Minority Interest    51.00
Minority Interest    51.00
Name: First Date, dtype: object",594.88,2595.49,2377.78,86.3,545.74,1093.98,497.95,0.0,471.66,369.22,"Attribute
Other Income    260.92
Other Income    260.92
Name: First Date, dtype: object",-102.64,1361.16,1745.74,1093.98,651.76,67.48,260.92,579.96,0.1928609908417966,0.0354154215618049,114512.0,187866.48,0.0030870861049826,133.0,54.0,323.0,111.0,121.0,1.595769575312163,0.35154207572350493
145,145,upl,1.61,46725,38.09  (-25.33% YoY),625.05,- -,23,88577.0,"Attribute
Minority Interest    5585.00
Minority Interest    -844.00
Minority Interest    -844.00
Name: First Date, dtype: object",7751.0,26858.0,42028.0,6097.0,46.0,29037.0,20144.0,2855.0,5163.0,2963.0,"Attribute
Other Income    477.00
Other Income    477.00
Name: First Date, dtype: object",-1490.0,13985.0,35885.0,26182.0,9703.0,5585.0,477.0,7649.0,0.1747943327239488,0.5748100588550027,6612.28,58922.28,0.1298150716503163,16.0,60.0,111.0,14.0,17.0,1.370598120846383,0.8364525246352456
146,146,ultratechcement,0.45,244175,179.03  (-28.45% YoY),8590.0,- -,23,91386.96,"Attribute
Minority Interest    55.63
Minority Interest    -9.44
Minority Interest    -9.44
Name: First Date, dtype: object",9068.51,54324.54,20742.9,1149.59,5836.6,23431.79,5356.41,4544.37,7412.22,822.72,"Attribute
Other Income    503.08
Other Income    503.08
Name: First Date, dtype: object",-7187.07,6611.83,13756.71,18887.42,-5130.710000000001,55.63,503.08,7731.860000000001,0.1225805868596368,0.222481990375755,-4164.92,240065.71,0.032207265252501,71.0,88.0,259.0,90.0,92.0,0.7283530519255674,0.37828777037837885
147,147,unitedbreweries,0.47,42302,10.52  (-44.00% YoY),1601.0,- -,23,6280.39,"Attribute
Minority Interest     4.61
Minority Interest    -0.70
Minority Interest    -0.70
Name: First Date, dtype: object",-119.57,3964.89,3686.45,395.29,0.0,2277.46,0.0,0.0,450.43,4.64,"Attribute
Other Income    49.43
Other Income    49.43
Name: First Date, dtype: object",-120.83,1427.81,3291.16,2277.46,1013.6999999999998,4.61,49.43,405.64,0.1136373823397579,0.0937281925204482,1695.06,44001.67,0.0092187410159659,122.0,96.0,315.0,127.0,119.0,1.4451011214247451,0.8181702422874605
148,148,unitedspirits,0.0,75550,18.52  (+29.46% YoY),1039.95,- -,23,9761.5,"Attribute
Minority Interest     0.00
Minority Interest    10.50
Minority Interest    10.50
Name: First Date, dtype: object",614.7,5999.5,6234.6,883.3,255.8,3624.3,0.3,0.8,1103.6,103.9,"Attribute
Other Income    73.10
Other Income    73.10
Name: First Date, dtype: object",-53.2,2230.0,5095.5,3623.5,1472.0,0.0,73.1,1134.4,0.2216794012467512,0.0794109861019192,1919.6000000000004,77469.6,0.014643163253715,111.0,43.0,307.0,86.0,115.0,1.4062370636125294,0.7908099903408307
149,149,vedanta,43.79,86165,23.65  (-53.69% YoY),235.0,- -,23,196356.0,"Attribute
Minority Interest    10004.00
Minority Interest    -3929.00
Minority Interest    -3929.00
Name: First Date, dtype: object",33065.0,39425.0,60507.0,9254.0,12636.0,88026.0,43474.0,22706.0,20493.0,6225.0,"Attribute
Other Income    2851.00
Other Income    2851.00
Name: First Date, dtype: object",-693.0,15012.0,38617.0,65320.0,-26703.0,10004.0,2851.0,23867.0,0.2477088976762047,0.4575523704520396,419.94,96588.94,0.2470986843835329,5.0,34.0,45.0,4.0,4.0,0.5911971830985916,0.3613747703612982
150,150,vodafoneidealimited,0.0,53548,-6.13,10.95,- -,23,207242.7,"Attribute
Minority Interest    0.00
Minority Interest    0.00
Minority Interest      --
Name: First Date, dtype: object",18868.7,-74359.1,13902.9,855.4,0.0,60022.7,935.1,12295.9,-29275.7,23354.3,"Attribute
Other Income    311.30
Other Income    311.30
Name: First Date, dtype: object",-5413.6,16.3,13047.5,47726.8,-34679.3,0.0,311.3,-6232.700000000002,0.1005541797413828,-1.3886438335698814,69350.54000000001,122898.54,-0.0507141907462855,138.0,108.0,400.0,136.0,132.0,0.27337889822908723,0.2730373710368179
151,151,voltas,0.49,28845,4.70  (-68.35% YoY),875.0,- -,23,10279.01,"Attribute
Minority Interest    41.65
Minority Interest    -1.21
Minority Interest    -1.21
Name: First Date, dtype: object",159.38,5452.07,6446.49,708.38,307.16,4619.54,21.15,594.82,671.61,29.59,"Attribute
Other Income    168.45
Other Income    168.45
Name: First Date, dtype: object",-81.6,1591.97,5430.95,4024.72,1406.23,41.65,168.45,532.75,0.0993999619378841,0.1890126538394869,,,,148.0,109.0,,139.0,,1.3493982190065397,0.9538502057285972
152,152,wipro,0.23,224587,22.32  (+5.94% YoY),434.25,- -,23,117133.7,"Attribute
Minority Interest     58.90
Minority Interest    -16.50
Minority Interest    -16.50
Name: First Date, dtype: object",13060.1,77667.9,66109.6,9188.0,30923.2,26775.3,6127.2,8882.1,14771.4,1007.7,"Attribute
Other Income    2265.70
Other Income    2265.70
Name: First Date, dtype: object",-8406.5,118.8,25998.400000000005,17893.199999999997,8105.200000000008,58.9,2265.7,13513.4,0.1618580606832979,0.3458254484898947,5561.94,230207.84,0.0587008678766109,41.0,67.0,238.0,37.0,80.0,1.4529765497507439,1.446337156014576
153,153,zeeentertainmententerprises,0.0,25415,-1.17,268.0,- -,23,13728.35,"Attribute
Minority Interest    0.00
Minority Interest    0.00
Minority Interest      --
Name: First Date, dtype: object",129.05,10721.87,11391.83,804.02,0.0,2653.56,4.0,1.89,803.65,70.24,"Attribute
Other Income    79.72
Other Income    79.72
Name: First Date, dtype: object",-201.58,7307.89,10587.81,2651.67,7936.139999999999,0.0,79.72,794.17,0.0800272880990433,0.4218717292937242,-5770.29,19644.71,0.0404266593907469,60.0,127.0,342.0,112.0,125.0,3.992883729875889,1.2369261635120505
154,154,zyduslifesciences,0.96,63237,24.98  (-42.11% YoY),645.0,- -,23,25756.4,"Attribute
Minority Interest    2172.50
Minority Interest    -131.60
Minority Interest    -131.60
Name: First Date, dtype: object",2688.8,17515.8,10016.4,573.1,619.3,5530.7,0.0,1163.2,3193.9,129.9,"Attribute
Other Income    186.60
Other Income    186.60
Name: First Date, dtype: object",1171.2,3413.3,8824.0,4367.5,4456.5,2172.5,186.6,3137.2000000000003,0.1732694867418907,0.2769865743156696,-598.57,64810.93,0.0484054155680222,50.0,61.0,172.0,39.0,42.0,2.0203777904979967,1.2388551803091012
