Date,Open,High,Low,Close,Adj Close,Volume,Stock
2023-07-12,65759.28125,65811.640625,65320.25,65393.8984375,65393.8984375,7400,^BSESN
2023-07-13,65667.0703125,66064.2109375,65452.1484375,65558.890625,65558.890625,9500,^BSESN
2023-07-14,65775.4921875,66159.7890625,65610.8203125,66060.8984375,66060.8984375,10800,^BSESN
2023-07-17,66148.1796875,66656.2109375,66015.6328125,66589.9296875,66589.9296875,9200,^BSESN
2023-07-18,66828.9609375,67007.0234375,66574.46875,66795.140625,66795.140625,8200,^BSESN
2023-07-19,66905.0078125,67171.3828125,66703.609375,67097.4375,67097.4375,8500,^BSESN
2023-07-20,67074.34375,67619.171875,66831.3828125,67571.8984375,67571.8984375,8300,^BSESN
2023-07-21,66907.0703125,67190.5234375,66533.7421875,66684.2578125,66684.2578125,13200,^BSESN
2023-07-24,66629.140625,66808.5625,66326.25,66384.78125,66384.78125,8600,^BSESN
2023-07-25,66531.203125,66559.2890625,66177.6171875,66355.7109375,66355.7109375,11100,^BSESN
2023-07-26,66434.71875,66897.2734375,66431.34375,66707.203125,66707.203125,10500,^BSESN
2023-07-27,66834.1171875,66984.171875,66060.7421875,66266.8203125,66266.8203125,8400,^BSESN
2023-07-28,66266.3515625,66351.21875,65878.6484375,66160.203125,66160.203125,12300,^BSESN
2023-07-31,66156.390625,66598.421875,65998.8984375,66527.671875,66527.671875,7900,^BSESN
2023-08-01,66532.9765625,66658.1171875,66388.2578125,66459.3125,66459.3125,10500,^BSESN
2023-08-02,66064.40625,66261.96875,65431.6796875,65782.78125,65782.78125,7500,^BSESN
2023-08-03,65550.8203125,65820.8203125,64963.078125,65240.6796875,65240.6796875,9300,^BSESN
2023-08-04,65453.55078125,65799.2734375,65387.1796875,65721.25,65721.25,12500,^BSESN
2023-08-07,65811.3984375,66067.8984375,65748.25,65953.4765625,65953.4765625,7100,^BSESN
2023-08-08,66048.8125,66057.53125,65752.6328125,65846.5,65846.5,6300,^BSESN
2023-08-09,65810.9609375,66066.0078125,65444.37890625,65995.8125,65995.8125,6600,^BSESN
2023-08-10,65945.390625,65956.25,65509.140625,65688.1796875,65688.1796875,6000,^BSESN
2023-08-11,65727.796875,65727.796875,65274.609375,65322.6484375,65322.6484375,7600,^BSESN
2023-08-14,65153.01953125,65517.8203125,64821.87890625,65401.921875,65401.921875,7600,^BSESN
2023-08-16,65238.671875,65605.7421875,65032.890625,65539.421875,65539.421875,0,^BSESN
2023-08-17,65503.8515625,65535.140625,65046.1015625,65151.01953125,65151.01953125,6400,^BSESN
2023-08-18,65025.7109375,65175.3203125,64754.71875,64948.66015625,64948.66015625,14300,^BSESN
2023-08-21,64852.69921875,65335.8203125,64852.69921875,65216.08984375,65216.08984375,9300,^BSESN
2023-08-22,65272.421875,65362.91015625,65165.44921875,65220.03125,65220.03125,5400,^BSESN
2023-08-23,65300.9296875,65504.7109375,65108.51171875,65433.30078125,65433.30078125,7100,^BSESN
2023-08-24,65722.5078125,65913.7734375,65181.94140625,65252.33984375,65252.33984375,5900,^BSESN
2023-08-25,65000.671875,65106.0,64732.5703125,64886.51171875,64886.51171875,51700,^BSESN
2023-08-28,64908.078125,65213.44921875,64776.921875,64996.6015625,64996.6015625,20800,^BSESN
2023-08-29,65201.3515625,65229.03125,64956.671875,65075.8203125,65075.8203125,48500,^BSESN
2023-08-30,65311.578125,65458.69921875,65052.73828125,65087.25,65087.25,17700,^BSESN
2023-08-31,65178.328125,65277.0390625,64723.62890625,64831.41015625,64831.41015625,48600,^BSESN
2023-09-01,64855.51171875,65473.26953125,64818.37109375,65387.16015625,65387.16015625,21600,^BSESN
2023-09-04,65525.91015625,65683.90625,65285.55859375,65628.140625,65628.140625,13700,^BSESN
2023-09-05,65671.6015625,65831.703125,65601.46875,65780.2578125,65780.2578125,6600,^BSESN
2023-09-06,65744.1875,65971.1328125,65488.03125,65880.5234375,65880.5234375,6100,^BSESN
2023-09-07,65854.25,66296.8984375,65672.34375,66265.5625,66265.5625,6200,^BSESN
2023-09-08,66381.4296875,66766.921875,66299.296875,66598.90625,66598.90625,11500,^BSESN
2023-09-11,66807.7265625,67172.1328125,66735.84375,67127.078125,67127.078125,9300,^BSESN
2023-09-12,67506.8828125,67539.1015625,66948.1796875,67221.1328125,67221.1328125,8700,^BSESN
2023-09-13,67188.640625,67565.40625,67053.359375,67466.9921875,67466.9921875,6200,^BSESN
2023-09-14,67627.03125,67771.046875,67336.4609375,67519.0,67519.0,8100,^BSESN
2023-09-15,67659.90625,67927.2265625,67614.421875,67838.6328125,67838.6328125,6800,^BSESN
2023-09-18,67665.578125,67803.1484375,67532.828125,67596.84375,67596.84375,10300,^BSESN
2023-09-20,67080.1796875,67294.15625,66728.140625,66800.84375,66800.84375,13400,^BSESN
2023-09-21,66608.671875,66608.671875,66128.7109375,66230.2421875,66230.2421875,8400,^BSESN
2023-09-22,66215.0390625,66445.46875,65952.828125,66009.1484375,66009.1484375,8300,^BSESN
2023-09-25,66082.9921875,66225.6328125,65764.03125,66023.6875,66023.6875,6800,^BSESN
2023-09-26,66071.6328125,66078.2578125,65865.6328125,65945.46875,65945.46875,6500,^BSESN
2023-09-27,65925.640625,66172.2734375,65549.9609375,66118.6875,66118.6875,5400,^BSESN
2023-09-28,66406.0078125,66406.0078125,65423.390625,65508.3203125,65508.3203125,7800,^BSESN
2023-09-29,65743.9296875,66151.6484375,65570.3828125,65828.40625,65828.40625,8400,^BSESN
2023-10-03,65813.421875,65813.5,65344.58984375,65512.1015625,65512.1015625,8600,^BSESN
2023-10-04,65330.6484375,65332.51953125,64878.76953125,65226.0390625,65226.0390625,8600,^BSESN
2023-10-05,65598.2578125,65753.203125,65443.33984375,65631.5703125,65631.5703125,8000,^BSESN
2023-10-06,65867.5390625,66095.8125,65762.328125,65995.6328125,65995.6328125,10200,^BSESN
2023-10-09,65560.0703125,65789.9765625,65434.609375,65512.390625,65512.390625,7300,^BSESN
2023-10-10,65662.2734375,66180.171875,65662.2734375,66079.359375,66079.359375,5100,^BSESN
2023-10-11,66376.421875,66592.15625,66299.7890625,66473.046875,66473.046875,16800,^BSESN
2023-10-12,66564.5703125,66577.6015625,66339.421875,66408.390625,66408.390625,7100,^BSESN
2023-10-13,66034.2109375,66478.8984375,65895.40625,66282.7421875,66282.7421875,13400,^BSESN
2023-10-16,66238.1484375,66342.75,66039.3828125,66166.9296875,66166.9296875,6600,^BSESN
2023-10-17,66558.1484375,66559.8203125,66309.1796875,66428.09375,66428.09375,7900,^BSESN
2023-10-18,66473.7421875,66475.2734375,65842.1015625,65877.0234375,65877.0234375,7100,^BSESN
2023-10-19,65484.609375,65869.6484375,65343.5,65629.2421875,65629.2421875,11000,^BSESN
2023-10-20,65437.0703125,65555.140625,65308.609375,65397.62109375,65397.62109375,14300,^BSESN
2023-10-23,65419.01953125,65453.921875,64502.6796875,64571.87890625,64571.87890625,6800,^BSESN
2023-10-25,64619.26953125,64787.078125,63912.16015625,64049.05859375,64049.05859375,7100,^BSESN
2023-10-26,63774.16015625,63774.16015625,63092.98046875,63148.1484375,63148.1484375,12900,^BSESN
2023-10-27,63559.3203125,63913.12890625,63393.37109375,63782.80078125,63782.80078125,12600,^BSESN
2023-10-30,63885.55859375,64184.578125,63431.44921875,64112.6484375,64112.6484375,5600,^BSESN
2023-10-31,64449.6484375,64452.3203125,63812.53125,63874.9296875,63874.9296875,15000,^BSESN
2023-11-01,63829.87109375,63896.05078125,63550.4609375,63591.328125,63591.328125,6100,^BSESN
2023-11-02,64033.3984375,64202.640625,63815.3515625,64080.8984375,64080.8984375,6400,^BSESN
2023-11-03,64444.8984375,64535.19140625,64275.390625,64363.78125,64363.78125,16100,^BSESN
2023-11-06,64835.23046875,64992.5390625,64617.48046875,64958.69140625,64958.69140625,8100,^BSESN
2023-11-07,65021.2890625,65021.2890625,64638.1015625,64942.3984375,64942.3984375,7700,^BSESN
2023-11-08,65101.94921875,65124.0,64851.05859375,64975.609375,64975.609375,6400,^BSESN
2023-11-09,65025.3203125,65046.55859375,64768.76171875,64832.19921875,64832.19921875,11600,^BSESN
2023-11-10,64756.109375,65014.05859375,64580.94921875,64904.6796875,64904.6796875,11100,^BSESN
2023-11-13,65158.30859375,65176.9609375,64853.359375,64933.87109375,64933.87109375,7700,^BSESN
2023-11-15,65461.5390625,65747.6484375,65373.5,65675.9296875,65675.9296875,7500,^BSESN
2023-11-16,65665.8671875,66358.3671875,65507.01953125,65982.4765625,65982.4765625,11600,^BSESN
2023-11-17,65788.7890625,66037.6875,65639.7421875,65794.7265625,65794.7265625,10900,^BSESN
2023-11-20,65787.5078125,65844.0078125,65547.796875,65655.1484375,65655.1484375,7200,^BSESN
2023-11-21,65860.4609375,66082.359375,65849.171875,65930.7734375,65930.7734375,5400,^BSESN
2023-11-22,65839.6171875,66063.4296875,65664.8515625,66023.2421875,66023.2421875,4300,^BSESN
2023-11-23,66084.3671875,66235.2421875,65980.5,66017.8125,66017.8125,7500,^BSESN
2023-11-24,66000.2890625,66101.640625,65894.046875,65970.0390625,65970.0390625,10800,^BSESN
2023-11-28,66063.71875,66256.203125,65906.6484375,66174.203125,66174.203125,5100,^BSESN
2023-11-29,66381.2578125,66946.28125,66374.5234375,66901.90625,66901.90625,8300,^BSESN
2023-11-30,66963.203125,67069.890625,66610.3515625,66988.4375,66988.4375,11100,^BSESN
2023-12-01,67181.1484375,67564.328125,67149.0703125,67481.1875,67481.1875,21700,^BSESN
2023-12-04,68435.34375,68918.21875,68274.46875,68865.1171875,68865.1171875,30900,^BSESN
2023-12-05,69168.53125,69381.3125,68954.8828125,69296.140625,69296.140625,9600,^BSESN
2023-12-06,69534.9296875,69744.6171875,69395.0078125,69653.7265625,69653.7265625,10400,^BSESN
2023-12-07,69694.1484375,69695.328125,69320.53125,69521.6875,69521.6875,26000,^BSESN
2023-12-08,69666.3828125,69893.796875,69506.1171875,69825.6015625,69825.6015625,18200,^BSESN
2023-12-11,69925.6328125,70057.828125,69782.4765625,69928.53125,69928.53125,12400,^BSESN
2023-12-12,70020.6796875,70033.640625,69443.8515625,69551.03125,69551.03125,7000,^BSESN
2023-12-13,69648.5625,69657.9296875,69100.5625,69584.6015625,69584.6015625,7100,^BSESN
2023-12-14,70146.09375,70602.890625,70110.75,70514.203125,70514.203125,12200,^BSESN
2023-12-15,70804.1328125,71605.7578125,70655.96875,71483.75,71483.75,25100,^BSESN
2023-12-18,71437.3515625,71552.2421875,71142.2890625,71315.09375,71315.09375,12500,^BSESN
2023-12-19,71479.28125,71623.7109375,71071.9765625,71437.1875,71437.1875,8600,^BSESN
2023-12-20,71647.65625,71913.0703125,70302.6015625,70506.3125,70506.3125,13200,^BSESN
2023-12-21,69920.890625,70958.7109375,69920.390625,70865.1015625,70865.1015625,8800,^BSESN
2023-12-22,71045.6484375,71259.546875,70713.5625,71106.9609375,71106.9609375,15300,^BSESN
2023-12-26,71097.78125,71471.2890625,71012.078125,71336.796875,71336.796875,7700,^BSESN
2023-12-27,71492.0234375,72119.8515625,71473.6484375,72038.4296875,72038.4296875,9800,^BSESN
2023-12-28,72262.671875,72484.34375,72137.453125,72410.3828125,72410.3828125,7800,^BSESN
2023-12-29,72351.59375,72417.0078125,72082.640625,72240.2578125,72240.2578125,19800,^BSESN
2024-01-02,72332.8515625,72332.8515625,71613.7421875,71892.4765625,71892.4765625,300,^BSESN
2024-01-03,71832.6171875,71862.0,71303.96875,71356.6015625,71356.6015625,13600,^BSESN
2024-01-04,71678.9296875,71954.7890625,71546.6015625,71847.5703125,71847.5703125,8900,^BSESN
2024-01-05,72016.7109375,72156.4765625,71779.828125,72026.1484375,72026.1484375,14900,^BSESN
2024-01-08,72113.25,72181.7734375,71301.0390625,71355.21875,71355.21875,10900,^BSESN
2024-01-09,71770.90625,72035.46875,71307.2734375,71386.2109375,71386.2109375,9500,^BSESN
2024-01-10,71383.203125,71733.84375,71110.9765625,71657.7109375,71657.7109375,9400,^BSESN
2024-01-11,71907.75,71999.46875,71543.1875,71721.1796875,71721.1796875,7800,^BSESN
2024-01-12,72148.0703125,72720.9609375,71982.2890625,72568.453125,72568.453125,20400,^BSESN
2024-01-15,73049.8671875,73402.15625,72909.0,73327.9375,73327.9375,16000,^BSESN
2024-01-16,73331.953125,73427.59375,72960.2890625,73128.7734375,73128.7734375,11200,^BSESN
2024-01-17,71998.9296875,72484.796875,71429.296875,71500.7578125,71500.7578125,14100,^BSESN
2024-01-18,71018.859375,71451.2890625,70665.5,71186.859375,71186.859375,13000,^BSESN
2024-01-19,71786.7421875,71895.640625,71542.7421875,71683.2265625,71683.2265625,25500,^BSESN
2024-01-23,71868.203125,72039.203125,70234.546875,70370.546875,70370.546875,11400,^BSESN
2024-01-24,70165.4921875,71149.609375,70001.6015625,71060.3125,71060.3125,15600,^BSESN
2024-01-25,71022.1015625,71049.4609375,70319.0390625,70700.671875,70700.671875,36700,^BSESN
2024-01-29,70968.1015625,72010.21875,70880.5390625,71941.5703125,71941.5703125,13900,^BSESN
2024-01-30,72000.203125,72142.2265625,71075.71875,71139.8984375,71139.8984375,12900,^BSESN
2024-01-31,71073.0390625,71851.390625,70846.0390625,71752.109375,71752.109375,11000,^BSESN
2024-02-01,71998.78125,72151.0234375,71574.890625,71645.296875,71645.296875,11500,^BSESN
2024-02-02,71977.5625,73089.3984375,71948.7734375,72085.6328125,72085.6328125,19400,^BSESN
2024-02-05,72269.1171875,72385.9296875,71602.140625,71731.421875,71731.421875,19900,^BSESN
2024-02-06,71970.8203125,72261.3984375,71625.1796875,72186.09375,72186.09375,10500,^BSESN
2024-02-07,72548.5,72559.2109375,71938.21875,72152.0,72152.0,12800,^BSESN
2024-02-08,72473.421875,72473.421875,71230.6171875,71428.4296875,71428.4296875,14500,^BSESN
2024-02-09,71410.2890625,71676.4921875,71200.3125,71595.4921875,71595.4921875,19000,^BSESN
2024-02-12,71722.3125,71756.578125,70922.5703125,71072.4921875,71072.4921875,10700,^BSESN
2024-02-13,71292.078125,71662.7421875,70924.296875,71555.1875,71555.1875,8100,^BSESN
2024-02-14,71035.25,71938.59375,70809.84375,71822.828125,71822.828125,10700,^BSESN
2024-02-15,72061.46875,72164.96875,71644.4375,72050.3828125,72050.3828125,8200,^BSESN
2024-02-16,72406.0234375,72545.328125,72218.1015625,72426.640625,72426.640625,15200,^BSESN
2024-02-19,72627.6015625,72881.9296875,72308.6796875,72708.15625,72708.15625,0,^BSESN
2024-02-20,72727.8671875,73130.6875,72510.2421875,73057.3984375,73057.3984375,7700,^BSESN
2024-02-21,73267.4765625,73267.796875,72450.5625,72623.09375,72623.09375,13900,^BSESN
2024-02-22,72677.5078125,73256.390625,72081.359375,73158.2421875,73158.2421875,9100,^BSESN
2024-02-23,73394.4375,73413.9296875,73022.0,73142.796875,73142.796875,11900,^BSESN
2024-02-26,73044.8125,73092.2578125,72666.8203125,72790.1328125,72790.1328125,7900,^BSESN
2024-02-27,72723.53125,73161.296875,72660.1328125,73095.21875,73095.21875,8300,^BSESN
2024-02-28,73162.8203125,73223.109375,72222.2890625,72304.8828125,72304.8828125,6200,^BSESN
2024-02-29,72220.5703125,72730.0,72099.3203125,72500.296875,72500.296875,18600,^BSESN
2024-03-01,72606.3125,73819.2109375,72591.140625,73745.3515625,73745.3515625,20700,^BSESN
2024-03-04,73903.09375,73990.1328125,73747.0078125,73872.2890625,73872.2890625,14200,^BSESN
2024-03-05,73767.421875,73915.5390625,73412.25,73677.1328125,73677.1328125,21200,^BSESN
2024-03-06,73587.703125,74151.2734375,73321.4765625,74085.9921875,74085.9921875,13300,^BSESN
2024-03-07,74242.7421875,74245.171875,73921.4765625,74119.390625,74119.390625,16000,^BSESN
2023-07-12,14.819999694824219,14.819999694824219,13.510000228881836,13.539999961853027,13.539999961853027,0,^VIX
2023-07-13,13.4399995803833,13.609999656677246,13.119999885559082,13.609999656677246,13.609999656677246,0,^VIX
2023-07-14,13.720000267028809,13.760000228881836,13.220000267028809,13.34000015258789,13.34000015258789,0,^VIX
2023-07-17,13.779999732971191,14.0,13.430000305175781,13.479999542236328,13.479999542236328,0,^VIX
2023-07-18,13.609999656677246,13.670000076293945,13.289999961853027,13.300000190734863,13.300000190734863,0,^VIX
2023-07-19,13.319999694824219,13.84000015258789,13.119999885559082,13.760000228881836,13.760000228881836,0,^VIX
2023-07-20,13.960000038146973,14.229999542236328,13.579999923706055,13.989999771118164,13.989999771118164,0,^VIX
2023-07-21,13.869999885559082,13.890000343322754,13.369999885559082,13.600000381469727,13.600000381469727,0,^VIX
2023-07-24,14.289999961853027,14.300000190734863,13.729999542236328,13.90999984741211,13.90999984741211,0,^VIX
2023-07-25,14.020000457763672,14.09000015258789,13.819999694824219,13.859999656677246,13.859999656677246,0,^VIX
2023-07-26,13.859999656677246,14.15999984741211,13.149999618530273,13.1899995803833,13.1899995803833,0,^VIX
2023-07-27,13.140000343322754,15.020000457763672,12.739999771118164,14.40999984741211,14.40999984741211,0,^VIX
2023-07-28,14.029999732971191,14.180000305175781,13.270000457763672,13.329999923706055,13.329999923706055,0,^VIX
2023-07-31,13.979999542236328,14.09000015258789,13.569999694824219,13.630000114440918,13.630000114440918,0,^VIX
2023-08-01,13.75,14.300000190734863,13.75,13.930000305175781,13.930000305175781,0,^VIX
2023-08-02,15.699999809265137,16.479999542236328,14.949999809265137,16.09000015258789,16.09000015258789,0,^VIX
2023-08-03,16.770000457763672,17.420000076293945,15.720000267028809,15.920000076293945,15.920000076293945,0,^VIX
2023-08-04,16.010000228881836,17.389999389648438,14.569999694824219,17.100000381469727,17.100000381469727,0,^VIX
2023-08-07,16.899999618530273,17.360000610351562,15.770000457763672,15.770000457763672,15.770000457763672,0,^VIX
2023-08-08,16.280000686645508,18.139999389648438,15.960000038146973,15.989999771118164,15.989999771118164,0,^VIX
2023-08-09,15.8100004196167,16.8700008392334,15.380000114440918,15.960000038146973,15.960000038146973,0,^VIX
2023-08-10,15.579999923706055,16.860000610351562,14.600000381469727,15.850000381469727,15.850000381469727,0,^VIX
2023-08-11,15.529999732971191,16.510000228881836,14.84000015258789,14.84000015258789,14.84000015258789,0,^VIX
2023-08-14,15.880000114440918,16.059999465942383,14.770000457763672,14.819999694824219,14.819999694824219,0,^VIX
2023-08-15,14.949999809265137,16.56999969482422,14.90999984741211,16.459999084472656,16.459999084472656,0,^VIX
2023-08-16,16.540000915527344,16.93000030517578,15.800000190734863,16.780000686645508,16.780000686645508,0,^VIX
2023-08-17,16.959999084472656,18.1299991607666,16.399999618530273,17.889999389648438,17.889999389648438,0,^VIX
2023-08-18,17.799999237060547,18.8799991607666,17.139999389648438,17.299999237060547,17.299999237060547,0,^VIX
2023-08-21,18.030000686645508,18.110000610351562,16.8799991607666,17.1299991607666,17.1299991607666,0,^VIX
2023-08-22,16.959999084472656,17.579999923706055,16.610000610351562,16.969999313354492,16.969999313354492,0,^VIX
2023-08-23,16.639999389648438,17.100000381469727,15.90999984741211,15.979999542236328,15.979999542236328,0,^VIX
2023-08-24,15.569999694824219,17.31999969482422,15.479999542236328,17.200000762939453,17.200000762939453,0,^VIX
2023-08-25,17.209999084472656,17.360000610351562,15.449999809265137,15.680000305175781,15.680000305175781,0,^VIX
2023-08-28,16.239999771118164,16.280000686645508,15.0,15.079999923706055,15.079999923706055,0,^VIX
2023-08-29,15.079999923706055,15.300000190734863,14.34000015258789,14.449999809265137,14.449999809265137,0,^VIX
2023-08-30,14.529999732971191,14.699999809265137,13.829999923706055,13.880000114440918,13.880000114440918,0,^VIX
2023-08-31,13.979999542236328,14.0,13.4399995803833,13.569999694824219,13.569999694824219,0,^VIX
2023-09-01,13.5600004196167,13.5600004196167,13.020000457763672,13.09000015258789,13.09000015258789,0,^VIX
2023-09-05,14.149999618530273,14.470000267028809,13.699999809265137,14.010000228881836,14.010000228881836,0,^VIX
2023-09-06,14.270000457763672,15.300000190734863,14.130000114440918,14.449999809265137,14.449999809265137,0,^VIX
2023-09-07,14.8100004196167,15.6899995803833,14.399999618530273,14.399999618530273,14.399999618530273,0,^VIX
2023-09-08,14.220000267028809,14.869999885559082,13.579999923706055,13.84000015258789,13.84000015258789,0,^VIX
2023-09-11,14.170000076293945,14.329999923706055,13.739999771118164,13.800000190734863,13.800000190734863,0,^VIX
2023-09-12,14.020000457763672,14.420000076293945,13.710000038146973,14.229999542236328,14.229999542236328,0,^VIX
2023-09-13,14.420000076293945,14.680000305175781,13.40999984741211,13.479999542236328,13.479999542236328,0,^VIX
2023-09-14,13.390000343322754,13.460000038146973,12.789999961853027,12.819999694824219,12.819999694824219,0,^VIX
2023-09-15,12.699999809265137,14.170000076293945,12.680000305175781,13.789999961853027,13.789999961853027,0,^VIX
2023-09-18,14.399999618530273,14.75,13.859999656677246,14.0,14.0,0,^VIX
2023-09-19,14.109999656677246,14.880000114440918,13.859999656677246,14.109999656677246,14.109999656677246,0,^VIX
2023-09-20,14.180000305175781,15.149999618530273,13.569999694824219,15.140000343322754,15.140000343322754,0,^VIX
2023-09-21,15.489999771118164,17.540000915527344,15.100000381469727,17.540000915527344,17.540000915527344,0,^VIX
2023-09-22,17.309999465942383,17.40999984741211,15.930000305175781,17.200000762939453,17.200000762939453,0,^VIX
2023-09-25,17.25,18.40999984741211,16.790000915527344,16.899999618530273,16.899999618530273,0,^VIX
2023-09-26,18.030000686645508,19.5,17.170000076293945,18.940000534057617,18.940000534057617,0,^VIX
2023-09-27,18.290000915527344,19.709999084472656,18.030000686645508,18.219999313354492,18.219999313354492,0,^VIX
2023-09-28,18.219999313354492,18.770000457763672,17.059999465942383,17.34000015258789,17.34000015258789,0,^VIX
2023-09-29,16.8700008392334,17.739999771118164,15.829999923706055,17.520000457763672,17.520000457763672,0,^VIX
2023-10-02,17.309999465942383,18.549999237060547,16.93000030517578,17.610000610351562,17.610000610351562,0,^VIX
2023-10-03,17.809999465942383,20.479999542236328,17.520000457763672,19.780000686645508,19.780000686645508,0,^VIX
2023-10-04,20.719999313354492,20.8799991607666,18.299999237060547,18.579999923706055,18.579999923706055,0,^VIX
2023-10-05,18.670000076293945,19.579999923706055,18.260000228881836,18.489999771118164,18.489999771118164,0,^VIX
2023-10-06,18.729999542236328,19.93000030517578,17.190000534057617,17.450000762939453,17.450000762939453,0,^VIX
2023-10-09,19.540000915527344,19.600000381469727,17.559999465942383,17.700000762939453,17.700000762939453,0,^VIX
2023-10-10,17.700000762939453,17.860000610351562,16.510000228881836,17.030000686645508,17.030000686645508,0,^VIX
2023-10-11,16.950000762939453,17.780000686645508,16.09000015258789,16.09000015258789,16.09000015258789,0,^VIX
2023-10-12,16.079999923706055,18.079999923706055,15.4399995803833,16.690000534057617,16.690000534057617,0,^VIX
2023-10-13,16.530000686645508,20.780000686645508,16.5,19.31999969482422,19.31999969482422,0,^VIX
2023-10-16,19.100000381469727,19.56999969482422,17.139999389648438,17.209999084472656,17.209999084472656,0,^VIX
2023-10-17,17.40999984741211,18.540000915527344,16.969999313354492,17.8799991607666,17.8799991607666,0,^VIX
2023-10-18,18.360000610351562,20.149999618530273,17.8799991607666,19.219999313354492,19.219999313354492,0,^VIX
2023-10-19,19.729999542236328,21.399999618530273,18.549999237060547,21.399999618530273,21.399999618530273,0,^VIX
2023-10-20,21.59000015258789,21.829999923706055,20.420000076293945,21.709999084472656,21.709999084472656,0,^VIX
2023-10-23,21.829999923706055,23.079999923706055,19.479999542236328,20.3700008392334,20.3700008392334,0,^VIX
2023-10-24,20.030000686645508,20.239999771118164,18.649999618530273,18.969999313354492,18.969999313354492,0,^VIX
2023-10-25,19.389999389648438,21.239999771118164,18.860000610351562,20.190000534057617,20.190000534057617,0,^VIX
2023-10-26,21.780000686645508,21.959999084472656,20.219999313354492,20.68000030517578,20.68000030517578,0,^VIX
2023-10-27,20.389999389648438,22.06999969482422,19.719999313354492,21.270000457763672,21.270000457763672,0,^VIX
2023-10-30,21.1299991607666,21.15999984741211,19.549999237060547,19.75,19.75,0,^VIX
2023-10-31,19.860000610351562,19.860000610351562,17.969999313354492,18.139999389648438,18.139999389648438,0,^VIX
2023-11-01,18.020000457763672,18.420000076293945,16.6299991607666,16.8700008392334,16.8700008392334,0,^VIX
2023-11-02,16.59000015258789,16.6200008392334,15.579999923706055,15.65999984741211,15.65999984741211,0,^VIX
2023-11-03,15.699999809265137,15.829999923706055,14.90999984741211,14.90999984741211,14.90999984741211,0,^VIX
2023-11-06,15.390000343322754,15.579999923706055,14.84000015258789,14.890000343322754,14.890000343322754,0,^VIX
2023-11-07,15.100000381469727,15.170000076293945,14.710000038146973,14.8100004196167,14.8100004196167,0,^VIX
2023-11-08,14.90999984741211,15.09000015258789,14.300000190734863,14.449999809265137,14.449999809265137,0,^VIX
2023-11-09,14.609999656677246,15.569999694824219,14.130000114440918,15.289999961853027,15.289999961853027,0,^VIX
2023-11-10,15.09000015258789,15.449999809265137,14.15999984741211,14.170000076293945,14.170000076293945,0,^VIX
2023-11-13,15.15999984741211,15.1899995803833,14.579999923706055,14.760000228881836,14.760000228881836,0,^VIX
2023-11-14,14.829999923706055,14.859999656677246,13.90999984741211,14.15999984741211,14.15999984741211,0,^VIX
2023-11-15,14.210000038146973,14.350000381469727,13.970000267028809,14.180000305175781,14.180000305175781,0,^VIX
2023-11-16,14.119999885559082,14.420000076293945,13.680000305175781,14.319999694824219,14.319999694824219,0,^VIX
2023-11-17,14.180000305175781,14.1899995803833,13.670000076293945,13.800000190734863,13.800000190734863,0,^VIX
2023-11-20,14.260000228881836,14.3100004196167,13.390000343322754,13.40999984741211,13.40999984741211,0,^VIX
2023-11-21,13.449999809265137,14.3100004196167,13.130000114440918,13.350000381469727,13.350000381469727,0,^VIX
2023-11-22,13.079999923706055,13.25,12.819999694824219,12.850000381469727,12.850000381469727,0,^VIX
2023-11-24,13.029999732971191,13.170000076293945,12.449999809265137,12.460000038146973,12.460000038146973,0,^VIX
2023-11-27,13.140000343322754,13.279999732971191,12.640000343322754,12.6899995803833,12.6899995803833,0,^VIX
2023-11-28,12.779999732971191,14.300000190734863,12.5600004196167,12.6899995803833,12.6899995803833,0,^VIX
2023-11-29,12.710000038146973,13.100000381469727,12.479999542236328,12.979999542236328,12.979999542236328,0,^VIX
2023-11-30,13.069999694824219,13.390000343322754,12.819999694824219,12.920000076293945,12.920000076293945,0,^VIX
2023-12-01,12.9399995803833,12.960000038146973,12.479999542236328,12.630000114440918,12.630000114440918,0,^VIX
2023-12-04,13.279999732971191,13.699999809265137,12.979999542236328,13.079999923706055,13.079999923706055,0,^VIX
2023-12-05,13.260000228881836,13.760000228881836,12.8100004196167,12.850000381469727,12.850000381469727,0,^VIX
2023-12-06,12.779999732971191,13.029999732971191,12.640000343322754,12.970000267028809,12.970000267028809,0,^VIX
2023-12-07,13.170000076293945,13.279999732971191,12.949999809265137,13.0600004196167,13.0600004196167,0,^VIX
2023-12-08,13.140000343322754,13.239999771118164,12.350000381469727,12.350000381469727,12.350000381469727,0,^VIX
2023-12-11,13.050000190734863,13.140000343322754,12.609999656677246,12.630000114440918,12.630000114440918,0,^VIX
2023-12-12,12.6899995803833,12.739999771118164,11.8100004196167,12.069999694824219,12.069999694824219,0,^VIX
2023-12-13,12.199999809265137,12.460000038146973,11.819999694824219,12.1899995803833,12.1899995803833,0,^VIX
2023-12-14,11.960000038146973,12.739999771118164,11.84000015258789,12.479999542236328,12.479999542236328,0,^VIX
2023-12-15,12.119999885559082,12.539999961853027,12.010000228881836,12.279999732971191,12.279999732971191,0,^VIX
2023-12-18,12.619999885559082,12.640000343322754,12.399999618530273,12.5600004196167,12.5600004196167,0,^VIX
2023-12-19,12.600000381469727,12.600000381469727,12.329999923706055,12.529999732971191,12.529999732971191,0,^VIX
2023-12-20,12.630000114440918,13.930000305175781,12.289999961853027,13.670000076293945,13.670000076293945,0,^VIX
2023-12-21,13.399999618530273,14.489999771118164,13.34000015258789,13.649999618530273,13.649999618530273,0,^VIX
2023-12-22,13.720000267028809,13.960000038146973,13.0,13.029999732971191,13.029999732971191,0,^VIX
2023-12-26,13.770000457763672,13.800000190734863,12.960000038146973,12.989999771118164,12.989999771118164,0,^VIX
2023-12-27,13.020000457763672,13.039999961853027,12.369999885559082,12.430000305175781,12.430000305175781,0,^VIX
2023-12-28,12.4399995803833,12.649999618530273,12.380000114440918,12.470000267028809,12.470000267028809,0,^VIX
2023-12-29,12.550000190734863,13.1899995803833,12.359999656677246,12.449999809265137,12.449999809265137,0,^VIX
2024-01-02,13.220000267028809,14.229999542236328,13.100000381469727,13.199999809265137,13.199999809265137,0,^VIX
2024-01-03,13.350000381469727,14.220000267028809,13.329999923706055,14.039999961853027,14.039999961853027,0,^VIX
2024-01-04,13.930000305175781,14.199999809265137,13.640000343322754,14.130000114440918,14.130000114440918,0,^VIX
2024-01-05,14.239999771118164,14.579999923706055,13.289999961853027,13.350000381469727,13.350000381469727,0,^VIX
2024-01-08,14.0,14.180000305175781,13.020000457763672,13.079999923706055,13.079999923706055,0,^VIX
2024-01-09,13.199999809265137,13.449999809265137,12.739999771118164,12.760000228881836,12.760000228881836,0,^VIX
2024-01-10,12.859999656677246,12.949999809265137,12.670000076293945,12.6899995803833,12.6899995803833,0,^VIX
2024-01-11,12.640000343322754,13.3100004196167,12.350000381469727,12.4399995803833,12.4399995803833,0,^VIX
2024-01-12,12.65999984741211,13.079999923706055,12.470000267028809,12.699999809265137,12.699999809265137,0,^VIX
2024-01-16,14.119999885559082,14.350000381469727,13.520000457763672,13.84000015258789,13.84000015258789,0,^VIX
2024-01-17,14.59000015258789,15.399999618530273,14.380000114440918,14.789999961853027,14.789999961853027,0,^VIX
2024-01-18,14.850000381469727,14.890000343322754,13.890000343322754,14.130000114440918,14.130000114440918,0,^VIX
2024-01-19,13.800000190734863,14.579999923706055,13.279999732971191,13.300000190734863,13.300000190734863,0,^VIX
2024-01-22,13.770000457763672,13.84000015258789,13.170000076293945,13.1899995803833,13.1899995803833,0,^VIX
2024-01-23,13.199999809265137,13.289999961853027,12.529999732971191,12.550000190734863,12.550000190734863,0,^VIX
2024-01-24,12.65999984741211,13.180000305175781,12.40999984741211,13.140000343322754,13.140000343322754,0,^VIX
2024-01-25,13.180000305175781,13.579999923706055,13.0600004196167,13.449999809265137,13.449999809265137,0,^VIX
2024-01-26,13.729999542236328,14.100000381469727,13.199999809265137,13.260000228881836,13.260000228881836,0,^VIX
2024-01-29,13.979999542236328,15.350000381469727,13.59000015258789,13.600000381469727,13.600000381469727,0,^VIX
2024-01-30,13.6899995803833,13.739999771118164,13.229999542236328,13.3100004196167,13.3100004196167,0,^VIX
2024-01-31,13.420000076293945,14.609999656677246,13.180000305175781,14.350000381469727,14.350000381469727,0,^VIX
2024-02-01,14.210000038146973,14.630000114440918,13.869999885559082,13.880000114440918,13.880000114440918,0,^VIX
2024-02-02,13.949999809265137,14.229999542236328,13.390000343322754,13.850000381469727,13.850000381469727,0,^VIX
2024-02-05,14.369999885559082,14.529999732971191,13.579999923706055,13.670000076293945,13.670000076293945,0,^VIX
2024-02-06,13.569999694824219,13.779999732971191,12.979999542236328,13.0600004196167,13.0600004196167,0,^VIX
2024-02-07,13.0600004196167,13.130000114440918,12.8100004196167,12.829999923706055,12.829999923706055,0,^VIX
2024-02-08,12.949999809265137,13.170000076293945,12.739999771118164,12.789999961853027,12.789999961853027,0,^VIX
2024-02-09,12.789999961853027,13.010000228881836,12.6899995803833,12.930000305175781,12.930000305175781,0,^VIX
2024-02-12,13.479999542236328,13.9399995803833,13.34000015258789,13.930000305175781,13.930000305175781,0,^VIX
2024-02-13,13.960000038146973,17.940000534057617,13.430000305175781,15.850000381469727,15.850000381469727,0,^VIX
2024-02-14,15.380000114440918,15.470000267028809,14.220000267028809,14.380000114440918,14.380000114440918,0,^VIX
2024-02-15,14.270000457763672,14.640000343322754,13.9399995803833,14.010000228881836,14.010000228881836,0,^VIX
2024-02-16,13.9399995803833,14.710000038146973,13.75,14.239999771118164,14.239999771118164,0,^VIX
2024-02-20,15.09000015258789,15.90999984741211,15.069999694824219,15.420000076293945,15.420000076293945,0,^VIX
2024-02-21,15.539999961853027,16.1200008392334,15.220000267028809,15.34000015258789,15.34000015258789,0,^VIX
2024-02-22,14.279999732971191,14.640000343322754,14.119999885559082,14.539999961853027,14.539999961853027,0,^VIX
2024-02-23,14.3100004196167,14.3100004196167,13.640000343322754,13.75,13.75,0,^VIX
2024-02-26,14.170000076293945,14.199999809265137,13.65999984741211,13.739999771118164,13.739999771118164,0,^VIX
2024-02-27,13.630000114440918,13.75,13.40999984741211,13.430000305175781,13.430000305175781,0,^VIX
2024-02-28,13.520000457763672,13.899999618530273,13.4399995803833,13.84000015258789,13.84000015258789,0,^VIX
2024-02-29,14.140000343322754,14.149999618530273,13.300000190734863,13.399999618530273,13.399999618530273,0,^VIX
2024-03-01,13.34000015258789,13.65999984741211,13.079999923706055,13.109999656677246,13.109999656677246,0,^VIX
2024-03-04,13.489999771118164,13.579999923706055,13.319999694824219,13.489999771118164,13.489999771118164,0,^VIX
2024-03-05,13.75,15.100000381469727,13.75,14.460000038146973,14.460000038146973,0,^VIX
2024-03-06,14.270000457763672,14.930000305175781,13.890000343322754,14.5,14.5,0,^VIX
2024-03-07,14.979999542236328,14.979999542236328,14.25,14.4399995803833,14.4399995803833,0,^VIX
